<?xml version="1.0"?>
<module><meta><versionid>20141122105435</versionid><priority>8</priority><server>http://oppia.dreamhosters.com/</server><title lang="en">Quiz Section</title><shortname>nurhi-quiz</shortname><description lang="en"></description><page id="6712"><title lang="en">About/License</title><location lang="en">00_6712_en.html</location></page><langs><lang>en</lang></langs></meta><structure><section order="1"><title lang="en">CLMS Section</title><activities><activity type="quiz" order="1" digest="c24a719026bc2f9656e543fc8efb6cf76719cr0s2a1p80a0"><title lang="en">CLMS Video Quiz</title><content lang="en">{"description":{"en":"CLMS Section"},"id":66,"lastupdated_date":"2014-11-22T10:47:54","owner":"\/api\/v1\/user\/1\/","props":{"allowtryagain":"1","availability":"0","courseversion":"20141122104831","digest":"c24a719026bc2f9656e543fc8efb6cf76719cr0s2a1p80a0","maxscore":6,"passthreshold":"80","showfeedback":"2"},"questions":[{"id":530,"order":1,"question":{"id":530,"props":{"maxscore":1},"responses":[{"id":1540,"order":1,"props":{},"score":"1.00","title":{"en":"Resuming early to work"}},{"id":1541,"order":2,"props":{},"score":"0.00","title":{"en":"Using a red biro to fill the CLMS forms"}},{"id":1542,"order":3,"props":{},"score":"1.00","title":{"en":"Align date of the DCR with date on the calendar"}},{"id":1543,"order":4,"props":{},"score":"1.00","title":{"en":"Ensure all commodities are available and arrange one of each on the table"}},{"id":1544,"order":5,"props":{},"score":"0.00","title":{"en":"All of the above"}}],"title":{"en":"The following are key steps to effective CLMS (select more than one answer):"},"type":"multiselect"}},{"id":531,"order":2,"question":{"id":531,"props":{"maxscore":1},"responses":[{"id":1545,"order":1,"props":{"feedback":{"en":"That is not the correct answer."}},"score":"0.00","title":{"en":"True"}},{"id":1546,"order":2,"props":{"feedback":{"en":"Yes, you are correct!"}},"score":"1.00","title":{"en":"False"}}],"title":{"en":"When filling the FP Register, fill the clients'\r\ninformation on small pieces of paper and transfer to the register later"},"type":"multichoice"}},{"id":532,"order":3,"question":{"id":532,"props":{"maxscore":1},"responses":[{"id":1547,"order":1,"props":{"feedback":{"en":"Yes, you are correct!"}},"score":"1.00","title":{"en":"True"}},{"id":1548,"order":2,"props":{"feedback":{"en":"That is not the correct answer."}},"score":"0.00","title":{"en":"False"}}],"title":{"en":"At the end of each day, double check the closing\r\nbalance on the DCR with physical stock to ensure they match up"},"type":"multichoice"}},{"id":533,"order":4,"question":{"id":533,"props":{"maxscore":1},"responses":[{"id":1549,"order":1,"props":{"feedback":{"en":"That is not the correct answer."}},"score":"0.00","title":{"en":"End of 3 months"}},{"id":1550,"order":2,"props":{"feedback":{"en":"That is not the correct answer."}},"score":"0.00","title":{"en":"End of 4 months"}},{"id":1551,"order":3,"props":{"feedback":{"en":"That is not the correct answer."}},"score":"0.00","title":{"en":"End of 1 month"}},{"id":1552,"order":4,"props":{"feedback":{"en":"Yes, you are correct!"}},"score":"1.00","title":{"en":"None of the above"}}],"title":{"en":"When is the RIRF filled?"},"type":"multichoice"}},{"id":534,"order":5,"question":{"id":534,"props":{"maxscore":1},"responses":[{"id":1553,"order":1,"props":{"feedback":{"en":"That is not the correct answer."}},"score":"0.00","title":{"en":"Counting commodities regularly"}},{"id":1554,"order":2,"props":{"feedback":{"en":"That is not the correct answer."}},"score":"0.00","title":{"en":"Keeping up records daily"}},{"id":1555,"order":3,"props":{"feedback":{"en":"That is not the correct answer."}},"score":"0.00","title":{"en":"Ensure the DCR is properly filled"}},{"id":1556,"order":4,"props":{"feedback":{"en":"Yes, you are correct!"}},"score":"1.00","title":{"en":"All the above"}}],"title":{"en":"What are the steps in ensuring the RIRF is properly filled?"},"type":"multichoice"}},{"id":535,"order":6,"question":{"id":535,"props":{"maxscore":1},"responses":[{"id":1557,"order":1,"props":{},"score":"1.00","title":{"en":"Commendation from supervisors"}},{"id":1558,"order":2,"props":{},"score":"1.00","title":{"en":"No stock out"}},{"id":1559,"order":3,"props":{},"score":"1.00","title":{"en":"Client would leave satisfied"}}],"title":{"en":"What\r\n     are the advantages of properly filled and timely submitted forms (select\r\n     all correct answers)?"},"type":"multiselect"}}],"resource_uri":"\/api\/v1\/quiz\/66\/","title":{"en":"CLMS Video Quiz"}}</content></activity></activities></section><section order="2"><title lang="en">Management for Side Effects Section</title><activities><activity type="quiz" order="1" digest="ddc987937e48803da72102d1ea51081121110cr0s2a1p80a0"><title lang="en">Management for Side Effects Video Quiz</title><content lang="en">{"description":{"en":"Management for Side Effects Section"},"id":67,"lastupdated_date":"2014-11-22T10:49:36","owner":"\/api\/v1\/user\/1\/","props":{"allowtryagain":"1","availability":"0","courseversion":"20141122104831","digest":"ddc987937e48803da72102d1ea51081121110cr0s2a1p80a0","maxscore":5,"passthreshold":"80","showfeedback":"2"},"questions":[{"id":536,"order":1,"question":{"id":536,"props":{"maxscore":1},"responses":[{"id":1560,"order":2,"props":{"feedback":{"en":"That is not the correct answer."}},"score":"0.00","title":{"en":"Quickly remove the method; after all, the client is presenting with side effects"}},{"id":1561,"order":3,"props":{"feedback":{"en":"That is not the correct answer."}},"score":"0.00","title":{"en":"Tell the client that if she had listened properly during the counseling she would know that the side effects are normal and would go away"}}],"title":{"en":"When managing a client for side effects, a\r\nprovider should:"},"type":"multiselect"}},{"id":537,"order":2,"question":{"id":537,"props":{"maxscore":1},"responses":[{"id":1562,"order":1,"props":{"feedback":{"en":"That is not the correct answer."}},"score":"0.00","title":{"en":"Ask the client about the side effects she is experiencing"}},{"id":1563,"order":2,"props":{"feedback":{"en":"That is not the correct answer."}},"score":"0.00","title":{"en":"Listen to what the client has to say about the side effects"}},{"id":1564,"order":3,"props":{"feedback":{"en":"That is not the correct answer."}},"score":"0.00","title":{"en":"Explain to the client whether the side effects\r\nthey are experiencing are normal or not"}},{"id":1565,"order":4,"props":{"feedback":{"en":"That is not the correct answer."}},"score":"0.00","title":{"en":"Tell the client that she may experience a\r\nlessening in side effects with time"}},{"id":1566,"order":5,"props":{"feedback":{"en":"Yes, you are correct!"}},"score":"1.00","title":{"en":"All of the above"}}],"title":{"en":"When counseling clients presenting with side effects, providers should"},"type":"multichoice"}},{"id":538,"order":3,"question":{"id":538,"props":{"maxscore":1},"responses":[{"id":1567,"order":1,"props":{"feedback":{"en":"That is not the correct answer."}},"score":"0.00","title":{"en":"True"}},{"id":1568,"order":2,"props":{"feedback":{"en":"Yes, you are correct!"}},"score":"1.00","title":{"en":"False"}}],"title":{"en":"All side effects associated with\r\ncontraceptive methods are dangerous and must be dealt with immediately&amp;nbsp;"},"type":"multichoice"}},{"id":539,"order":4,"question":{"id":539,"props":{"maxscore":1},"responses":[{"id":1569,"order":1,"props":{"feedback":{"en":"That is not the correct answer."}},"score":"0.00","title":{"en":"Tell the client she needs to come back for another appointment-after all she may experience less side effects with time and therefore not need to discontinue the method"}},{"id":1570,"order":2,"props":{"feedback":{"en":"That is not the correct answer."}},"score":"0.00","title":{"en":"Dissuade the client from discontinuing by telling her that all side effects stop with time"}}],"title":{"en":"When discussing next steps with return clients who are sure they want to discontinue a method, providers should"},"type":"multiselect"}},{"id":540,"order":5,"question":{"id":540,"props":{"maxscore":1},"responses":[{"id":1571,"order":1,"props":{"feedback":{"en":"That is not the correct answer."}},"score":"0.00","title":{"en":"True"}},{"id":1572,"order":2,"props":{"feedback":{"en":"Yes, you are correct!"}},"score":"1.00","title":{"en":"False"}}],"title":{"en":"All clients who present with side effects\r\nmust switch to another method"},"type":"multichoice"}}],"resource_uri":"\/api\/v1\/quiz\/67\/","title":{"en":"Management for Side Effects Video Quiz"}}</content></activity></activities></section><section order="3"><title lang="en">Counseling for Side Effects Section</title><activities><activity type="quiz" order="1" digest="0d83759b867a0b7e83c368c9c495fa2021111cr0s2a1p80a0"><title lang="en">Counseling for Side Effects Quiz</title><content lang="en">{"description":{"en":"Counseling for Side Effects Section"},"id":68,"lastupdated_date":"2014-11-22T10:51:16","owner":"\/api\/v1\/user\/1\/","props":{"allowtryagain":"1","availability":"0","courseversion":"20141122104831","digest":"0d83759b867a0b7e83c368c9c495fa2021111cr0s2a1p80a0","maxscore":5,"passthreshold":"80","showfeedback":"2"},"questions":[{"id":541,"order":1,"question":{"id":541,"props":{"maxscore":1},"responses":[{"id":1573,"order":3,"props":{"feedback":{"en":"That is not the correct answer."}},"score":"0.00","title":{"en":"Attending to more than one client at the same time"}},{"id":1574,"order":4,"props":{"feedback":{"en":"That is not the correct answer."}},"score":"0.00","title":{"en":"Talking so everyone around can hear you"}}],"title":{"en":"Ensuring that your\r\nclient is comfortable and at ease is important when counseling for side effects. Steps should include:&amp;nbsp;"},"type":"multiselect"}},{"id":542,"order":2,"question":{"id":542,"props":{"maxscore":1},"responses":[{"id":1575,"order":1,"props":{"feedback":{"en":"That is not the correct answer."}},"score":"0.00","title":{"en":"Present the myth"}},{"id":1576,"order":2,"props":{"feedback":{"en":"That is not the correct answer."}},"score":"0.00","title":{"en":"Try to scare the client from using the method - as they likely discontinue using it anyways"}}],"title":{"en":"When providers\r\ndiscuss side effects with clients they should:&amp;nbsp;"},"type":"multiselect"}},{"id":543,"order":3,"question":{"id":543,"props":{"maxscore":1},"responses":[{"id":1577,"order":1,"props":{"feedback":{"en":"That is not the correct answer."}},"score":"0.00","title":{"en":"Not looking at the client when she is talking"}},{"id":1578,"order":2,"props":{"feedback":{"en":"Yes, you are correct!"}},"score":"1.00","title":{"en":"Asking the client follow up questions"}},{"id":1579,"order":3,"props":{"feedback":{"en":"That is not the correct answer."}},"score":"0.00","title":{"en":"Talking to other providers during the session"}},{"id":1580,"order":4,"props":{"feedback":{"en":"That is not the correct answer."}},"score":"0.00","title":{"en":"Making and receiving phone calls"}}],"title":{"en":"During counseling sessions with family planning clients, providers demonstrate they are fully engaged with the client by:"},"type":"multichoice"}},{"id":544,"order":4,"question":{"id":544,"props":{"maxscore":1},"responses":[{"id":1581,"order":1,"props":{},"score":"1.00","title":{"en":"Ask the client about the side effects she is\r\nexperiencing"}},{"id":1582,"order":2,"props":{},"score":"1.00","title":{"en":"Listen to what the client has to say about the\r\nside effects"}},{"id":1583,"order":3,"props":{},"score":"1.00","title":{"en":"Explain to the client whether the side effects\r\nthey are experiencing are normal or not"}},{"id":1584,"order":4,"props":{},"score":"1.00","title":{"en":"Tell the client that she may experience a lessening in side effects with time"}}],"title":{"en":"When counseling unsatisfied users presenting with side effects,\r\nproviders should&amp;nbsp;"},"type":"multiselect"}},{"id":545,"order":5,"question":{"id":545,"props":{"maxscore":1},"responses":[{"id":1585,"order":1,"props":{"feedback":{"en":"Yes, you are correct!"}},"score":"1.00","title":{"en":"True"}},{"id":1586,"order":2,"props":{"feedback":{"en":"That is not the correct answer."}},"score":"0.00","title":{"en":"False"}}],"title":{"en":"Giving a client an information leaflet for her method of choice to take home after accepting a method will help reinforce the information provided by the family planning provider"},"type":"multichoice"}}],"resource_uri":"\/api\/v1\/quiz\/68\/","title":{"en":"Counseling for Side Effects Quiz"}}</content></activity></activities></section></structure></module>
