<?xml version="1.0"?>
<module><meta><versionid>20141122114230</versionid><priority>9</priority><server>http://oppia.dreamhosters.com/</server><title lang="en">Family Planning Method Videos</title><shortname>nurhi-fpvids</shortname><description lang="en"></description><page id="6704"><title lang="en">About/License</title><location lang="en">00_6704_en.html</location></page><langs><lang>en</lang></langs></meta><structure><section order="1"><title lang="en">IUD Video</title><activities><activity type="page" order="1" digest="afd342b1f35c2eb4d8a30013da2411d76706"><title lang="en">IUD (Copper T) Video</title><image filename="/images/6706.png"/><location lang="en">01_6706_en.html</location></activity></activities></section><section order="2"><title lang="en">Animated Implant Videos</title><activities><activity type="page" order="1" digest="4d1304040cccfef6bd6a147de6cd003521019"><title lang="en">Implant Insertion</title><image filename="/images/21019.png"/><location lang="en">02_21019_en.html</location></activity><activity type="page" order="2" digest="9040cab39305b782a38fea417c59dc4321020"><title lang="en">Implant Removal</title><image filename="/images/21020.png"/><location lang="en">02_21020_en.html</location></activity><activity type="page" order="3" digest="44ce233e2ca6f791111dfa29809d126b21021"><title lang="en">Implant Error #1</title><image filename="/images/21021.png"/><location lang="en">02_21021_en.html</location></activity><activity type="page" order="4" digest="1f82fa491dd29658bd572f1dfcc0741121022"><title lang="en">Implant Error #2</title><image filename="/images/21022.png"/><location lang="en">02_21022_en.html</location></activity><activity type="page" order="5" digest="77c322ce3827fda0516e6ae416a5d8fb21023"><title lang="en">Implant Error #3</title><image filename="/images/21023.png"/><location lang="en">02_21023_en.html</location></activity></activities></section><section order="3"><title lang="en">Injectable Video</title><activities><activity type="page" order="1" digest="c89623770944cff5451ceab0ec512dfa21102"><title lang="en">Injectable Video</title><media><file filename="depo-finalh264-01-07-2013.m4v" download_url="http://downloads.digital-campus.org/media/nurhi/depo-finalh264-01-07-2013.m4v" digest="72c909ef798db3463619e7928d13a8f3" filesize="20902286" length="197"/></media><image filename="/images/21102.png"/><location lang="en">03_21102_en.html</location></activity></activities></section></structure><media><file filename="depo-finalh264-01-07-2013.m4v" download_url="http://downloads.digital-campus.org/media/nurhi/depo-finalh264-01-07-2013.m4v" digest="72c909ef798db3463619e7928d13a8f3" filesize="20902286" length="197"/></media></module>
