<?xml version="1.0"?>
<module><meta><versionid>20141125074603</versionid><priority>6</priority><server>http://nurhi.oppia-mobile.org</server><title lang="en">Family Planning Library</title><shortname>nurhi-lib</shortname><description lang="en"></description><langs><lang>en</lang></langs></meta><structure><section order="1"><title lang="en">Family Planning Manuals</title><activities><activity type="resource" order="1" digest="3b95027d12002506696c5d52f67fa4457228"><title lang="en">Medical Eligibility Criteria Chart</title><description lang="en">Medical Eligibility Criteria Chart</description><location lang="en" type="application/pdf">/resources/Quick Reference Chart WHO Eligibility for FP.pdf</location></activity><activity type="resource" order="2" digest="e254bf1a5f1d88fe70a1b83e6a2884e021525"><title lang="en">Gather Cue Card - Clinical</title><description lang="en">Gather Cue Card - Clinical</description><location lang="en" type="application/pdf">/resources/Gather Cue Card.pdf</location></activity><activity type="resource" order="3" digest="3202846d65dac08a6f5a096ab79f4c9d7233"><title lang="en">FAQs</title><description lang="en">FAQs</description><location lang="en" type="application/pdf">/resources/FP Methods FAQs booklet .pdf</location></activity><activity type="page" order="4" digest="410e0a42419e36deadf125bcbe5854136470"><title lang="en">App for Contraceptive Eligibility</title><location lang="en">01_6470_en.html</location></activity></activities></section><section order="2"><title lang="en">Infection Prevention Posters</title><activities><activity type="resource" order="1" digest="82cddf04c7c670e9204768d9b7eea78021527"><title lang="en">Disinfection</title><description lang="en">Disinfection</description><location lang="en" type="application/pdf">/resources/Infection prevention Disinfection.pdf</location></activity><activity type="resource" order="2" digest="a5476fe430b13d7a2063d38b5fa7767821528"><title lang="en">Hand Wash</title><description lang="en">Hand Wash</description><location lang="en" type="application/pdf">/resources/Infection prevention Hand Wash.pdf</location></activity><activity type="resource" order="3" digest="2df13154abb96b239dc16c2504df79be21529"><title lang="en">Waste Disposal</title><description lang="en">Waste Disposal</description><location lang="en" type="application/pdf">/resources/Infection prevention Waste disposal.pdf</location></activity></activities></section><section order="3"><title lang="en">Step by Step Guide</title><activities><activity type="resource" order="1" digest="4cd2147df13eebd318df9309e9179f6d7229"><title lang="en">Balanced Counseling Strategy Plus</title><description lang="en">Balanced Counseling Strategy Plus</description><location lang="en" type="application/pdf">/resources/BCSPlusAlgorithm.pdf</location></activity><activity type="resource" order="2" digest="19043d522320fc5eda6fdec6917fb6b222127"><title lang="en">Safe Gluteal Intramuscular Injection</title><description lang="en">Safe Gluteal Intramuscular Injection</description><location lang="en" type="application/pdf">/resources/Safe Gluteal Intramuscular Injection.pdf</location></activity><activity type="resource" order="3" digest="e0439bc71bb9fc95dc30fd2993086e1e22128"><title lang="en">Step- By -Step Guide to the Female Condom</title><description lang="en">Step- By -Step Guide to the Female Condom</description><location lang="en" type="application/pdf">/resources/Female Condom Step by Step.compressed_Part1.pdf</location></activity><activity type="resource" order="4" digest="38dbf4acc04d4f87c94d7a37ee1103cb22129"><title lang="en">Step- By -Step Guide to the Male Condom</title><description lang="en">Step- By -Step Guide to the Male Condom</description><location lang="en" type="application/pdf">/resources/Male condom step by step.compressed_Part1.pdf</location></activity></activities></section><section order="4"><title lang="en">Individual Information on Methods</title><activities><activity type="resource" order="1" digest="a649bbb58f7de585714ddb153e418c9421530"><title lang="en">Lactational Amenorrhea method</title><description lang="en">Lactational Amenorrhea method</description><location lang="en" type="application/pdf">/resources/Lactational Amenorrhea method.pdf</location></activity><activity type="resource" order="2" digest="94c9a2884154f73fcea726e2bb79edfa21531"><title lang="en">Hormonal Impl Jadelle flier</title><description lang="en">Hormonal Impl Jadelle flier</description><location lang="en" type="application/pdf">/resources/Hormonal Impl Jadelle flier.pdf</location></activity><activity type="resource" order="3" digest="177286c5db640f7bb9559e2f0f54006121532"><title lang="en">Optimal  copper T flier</title><description lang="en">Optimal&amp;nbsp; copper T flier</description><location lang="en" type="application/pdf">/resources/Optimal  copper T flier.pdf</location></activity><activity type="resource" order="4" digest="bf27d5bf79812eba98255c7d8628bdde21533"><title lang="en">Progestine Injectable flier</title><description lang="en">Progestine Injectable flier</description><location lang="en" type="application/pdf">/resources/Progestine  Injectable flier.pdf</location></activity></activities></section><section order="5"><title lang="en">Screening Checklists by Family Planning Method</title><activities><activity type="resource" order="1" digest="eba007a37bc8af36e49db4a3a26765e922130"><title lang="en">Combined Oral Contraceptive Checklist</title><description lang="en">Combined Oral Contraceptive Checklist</description><location lang="en" type="application/pdf">/resources/FMOH COC screening checklist.pdf</location></activity><activity type="resource" order="2" digest="daca15db909352a067174576870716f222131"><title lang="en">Implants Checklist</title><description lang="en">Implants Checklist</description><location lang="en" type="application/pdf">/resources/FMOH Implants screening checklist.pdf</location></activity><activity type="resource" order="3" digest="8475568aac5b7a79460d868ef59ba35d22132"><title lang="en">Pregnancy Checklist</title><description lang="en">Pregnancy Checklist</description><location lang="en" type="application/pdf">/resources/FMOH Pregnancy checklist.pdf</location></activity><activity type="resource" order="4" digest="f011a4612ba0190deb20fe97b19a6b6322133"><title lang="en">IUD Checklist</title><description lang="en">IUD Checklist</description><location lang="en" type="application/pdf">/resources/FMOH IUD screening checklist.pdf</location></activity><activity type="resource" order="5" digest="57ab53daeb77f5749e214eb9cfd62aa522134"><title lang="en">Injectable Checklist</title><description lang="en">Injectable Checklist</description><location lang="en" type="application/pdf">/resources/FMOH Injectable screening checklist.pdf</location></activity></activities></section><section order="6"><title lang="en">On The Job Training Manual- Counseling</title><activities><activity type="resource" order="1" digest="1f76c049f5c01bd8ab979a9a73cdfccb22135"><title lang="en">Counseling Part 1</title><description lang="en">Counseling Part 1</description><location lang="en" type="application/pdf">/resources/OJT Manual Course 1 Counselling.compressed_Part1.pdf</location></activity><activity type="resource" order="2" digest="fd384ae6b1507bac80bc2cf20980f5be22203"><title lang="en">Counseling Part 2</title><description lang="en">Counseling Part 2</description><location lang="en" type="application/pdf">/resources/OJT Manual Course 1 Counselling.compressed_Part2.pdf</location></activity><activity type="resource" order="3" digest="d6db51ddbd753eabee65211fe9ccbf4122204"><title lang="en">Counseling Part 3</title><description lang="en">Counseling Part 3</description><location lang="en" type="application/pdf">/resources/OJT Manual Course 1 Counselling.compressed_Part3.pdf</location></activity><activity type="resource" order="4" digest="10a3dddfd0520ef07e5476375d92e4ae22205"><title lang="en">Counseling Part 4</title><description lang="en">Counseling Part 4</description><location lang="en" type="application/pdf">/resources/OJT Manual Course 1 Counselling.compressed_Part4.pdf</location></activity></activities></section><section order="7"><title lang="en">On The Job Training Manual- CLMS</title><activities><activity type="resource" order="1" digest="57470fd8c6a7139e9db55669b81fb75722137"><title lang="en">CLMS Part 1</title><description lang="en">CLMS Part 1</description><location lang="en" type="application/pdf">/resources/OJT Manual Course 3 CLMS .compressed_Part1.pdf</location></activity><activity type="resource" order="2" digest="9e2490e2c462378e9f64fbfd33d5990622206"><title lang="en">CLMS Part 2</title><description lang="en">CLMS Part 2</description><location lang="en" type="application/pdf">/resources/OJT Manual Course 3 CLMS .compressed_Part2.pdf</location></activity><activity type="resource" order="3" digest="1afd2d1948e19088ef318c234145d41322207"><title lang="en">CLMS Part 3</title><description lang="en">CLMS Part 3</description><location lang="en" type="application/pdf">/resources/OJT Manual Course 3 CLMS .compressed_Part3.pdf</location></activity></activities></section><section order="8"><title lang="en">On The Job Training Manual- Clinical Service Provision</title><activities><activity type="resource" order="1" digest="b8bdd8758780b7398090fe8ddd9ff0fb22136"><title lang="en">Clinical Service Provision- Part 1</title><description lang="en">Clinical Service Provision- Part 1</description><location lang="en" type="application/pdf">/resources/OJT Manual Course 2 Clinical Service Provision.compressed_Part1.pdf</location></activity><activity type="resource" order="2" digest="ff647dd4022889470e540026f6b3c15122208"><title lang="en">Clinical Service Provision- Part 2</title><description lang="en">Clinical Service Provision- Part 2</description><location lang="en" type="application/pdf">/resources/OJT Manual Course 2 Clinical Service Provision.compressed_Part2.pdf</location></activity><activity type="resource" order="3" digest="dd29dcb3f1da1e7903a57bfb2aeef06c22209"><title lang="en">Clinical Service Provision- Part 3</title><description lang="en">Clinical Service Provision- Part 3</description><location lang="en" type="application/pdf">/resources/OJT Manual Course 2 Clinical Service Provision.compressed_Part3.pdf</location></activity><activity type="resource" order="4" digest="90f2dd632e89b78e3d9115800b74572222210"><title lang="en">Clinical Service Provision- Part 4</title><description lang="en">Clinical Service Provision- Part 4</description><location lang="en" type="application/pdf">/resources/OJT Manual Course 2 Clinical Service Provision.compressed_Part4.pdf</location></activity></activities></section></structure></module>
