<?xml version="1.0"?>
<module><meta><versionid>20141123162229</versionid><priority>9</priority><server>http://nurhi.oppia-mobile.org</server><title lang="en">Family Planning Method Videos</title><shortname>nurhi-fpvids</shortname><description lang="en"></description><page id="6704"><title lang="en">About/License</title><location lang="en">00_6704_en.html</location></page><langs><lang>en</lang></langs></meta><structure><section order="1"><title lang="en">IUD Video</title><activities><activity type="page" order="1" digest="012d90d6c5574d2271983c47919827996706"><title lang="en">IUD (Copper T) Video</title><image filename="/images/6706.png"/><location lang="en">01_6706_en.html</location></activity></activities></section><section order="2"><title lang="en">Animated Implant Videos</title><activities><activity type="page" order="1" digest="6e6afd0036ea453fa702d728d02b208b21019"><title lang="en">Implant Insertion</title><image filename="/images/21019.png"/><location lang="en">02_21019_en.html</location></activity><activity type="page" order="2" digest="53d2aad46fb9738bf5d5a0785e71cd1c21020"><title lang="en">Implant Removal</title><image filename="/images/21020.png"/><location lang="en">02_21020_en.html</location></activity><activity type="page" order="3" digest="b9018f09e0064aad06909ecd66835ffb21021"><title lang="en">Implant Error #1</title><image filename="/images/21021.png"/><location lang="en">02_21021_en.html</location></activity><activity type="page" order="4" digest="3b059a8976bdab66d259e428046bb22521022"><title lang="en">Implant Error #2</title><image filename="/images/21022.png"/><location lang="en">02_21022_en.html</location></activity><activity type="page" order="5" digest="9a692c6e2bd026f12dbbd38073422b3021023"><title lang="en">Implant Error #3</title><image filename="/images/21023.png"/><location lang="en">02_21023_en.html</location></activity></activities></section><section order="3"><title lang="en">Injectable Video</title><activities><activity type="page" order="1" digest="b3113ff10679a7bccd0243493a5b314f21102"><title lang="en">Injectable Video</title><media><file filename="depo-finalh264-01-07-2013.m4v" download_url="http://downloads.digital-campus.org/media/nurhi/depo-finalh264-01-07-2013.m4v" digest="72c909ef798db3463619e7928d13a8f3" filesize="20902286" length="197"/></media><image filename="/images/21102.png"/><location lang="en">03_21102_en.html</location></activity></activities></section></structure><media><file filename="depo-finalh264-01-07-2013.m4v" download_url="http://downloads.digital-campus.org/media/nurhi/depo-finalh264-01-07-2013.m4v" digest="72c909ef798db3463619e7928d13a8f3" filesize="20902286" length="197"/></media></module>
