<?xml version="1.0"?>
<module><meta><versionid>20140217145951</versionid><title lang="en">Family Planning Counselling</title><shortname>nurhi-fp</shortname><activity type="quiz" order="1" digest="b7ad4e806f206a225a5133506eb1090e6290r0"><title lang="en">Pre-Test</title><content lang="en">{"description":"Pre-test","id":11,"lastupdated_date":"2014-02-15T17:37:26","owner":"\/api\/v1\/user\/1\/","props":{"courseversion":"20140215183719","digest":"b7ad4e806f206a225a5133506eb1090e6290r0","maxscore":15},"questions":[{"id":75,"order":15,"question":{"id":75,"props":{"maxscore":1},"responses":[{"id":221,"order":1,"props":{},"score":"0.00","title":"True"},{"id":222,"order":2,"props":{},"score":"1.00","title":"False"}],"title":"If a client insists on using tubal ligation, it is best to try and dissuade her from going forth at all costs \u2013 as she will definitely regret her decision later in life","type":"multichoice"}},{"id":74,"order":14,"question":{"id":74,"props":{"maxscore":1},"responses":[{"id":220,"order":4,"props":{},"score":"1.00","title":"A woman can get a tubal ligation at any age"},{"id":219,"order":3,"props":{},"score":"0.00","title":"Less than 40"},{"id":217,"order":1,"props":{},"score":"0.00","title":"Less than 25"},{"id":218,"order":2,"props":{},"score":"0.00","title":"Less than 35"}],"title":"At what age is a woman too young to get a tubal ligation?","type":"multichoice"}},{"id":73,"order":13,"question":{"id":73,"props":{"maxscore":1},"responses":[{"id":216,"order":2,"props":{},"score":"1.00","title":"Disagree"},{"id":215,"order":1,"props":{},"score":"0.00","title":"Agree"}],"title":"Agree or disagree: It puts clients at ease when providers joke with them about their situation in life.","type":"multichoice"}},{"id":72,"order":12,"question":{"id":72,"props":{"maxscore":1},"responses":[{"id":214,"order":5,"props":{},"score":"0.00","title":"Tell the client about the common fears associated with use of this method"},{"id":213,"order":2,"props":{},"score":"0.00","title":"Convince the client to use different methods that are better for her based on her age and marital status"}],"title":"How should a provider talk to clients who arrive for counseling with a family planning method in mind? (Select all that apply)","type":"multiselect"}},{"id":71,"order":11,"question":{"id":71,"props":{"maxscore":1},"responses":[{"id":211,"order":1,"props":{},"score":"1.00","title":"True"},{"id":212,"order":2,"props":{},"score":"0.00","title":"False"}],"title":"Clients who have a family planning method in mind when coming to the clinic, and obtain that method are more likely to continue using that method than those who have a method imposed on them?","type":"multichoice"}},{"id":70,"order":10,"question":{"id":70,"props":{"maxscore":1},"responses":[{"id":209,"order":1,"props":{},"score":"0.00","title":"True"},{"id":210,"order":2,"props":{},"score":"1.00","title":"False"}],"title":"Most clients come to family planning clinics with a family planning method in mind?","type":"multichoice"}},{"id":69,"order":9,"question":{"id":69,"props":{"maxscore":1},"responses":[{"id":208,"order":2,"props":{},"score":"1.00","title":"False"},{"id":207,"order":1,"props":{},"score":"0.00","title":"True"}],"title":"True or false: Family planning services are only for married people, they are, after all, the only ones who should be having sexual relationships.","type":"multichoice"}},{"id":68,"order":8,"question":{"id":68,"props":{"maxscore":1},"responses":[{"id":205,"order":1,"props":{},"score":"0.00","title":"Agree"},{"id":206,"order":2,"props":{},"score":"1.00","title":"Disagree"}],"title":"Agree or disagree: Family planning providers should provide moral advice in addition to clinical advice.","type":"multichoice"}},{"id":67,"order":7,"question":{"id":67,"props":{"maxscore":1},"responses":[{"id":204,"order":4,"props":{},"score":"0.00","title":"All of the above"},{"id":202,"order":2,"props":{},"score":"0.00","title":"Dissuade the client from discontinuing by telling her that all side effects stop with time"},{"id":203,"order":3,"props":{},"score":"1.00","title":"Ask the client whether she would be interested in switching to a different method"},{"id":201,"order":1,"props":{},"score":"0.00","title":"Tell the client she needs to come back for another appointment \u2013 after all, she may experience less side effects with time and, therefore, not need to discontinue the method"}],"title":"When discussing next steps with return clients who are sure they want to discontinue a method, providers should:","type":"multichoice"}},{"id":66,"order":6,"question":{"id":66,"props":{"maxscore":1},"responses":[{"id":200,"order":5,"props":{},"score":"1.00","title":"All of the above"},{"id":199,"order":4,"props":{},"score":"0.00","title":"Tell the client that she may experience a lessening in side effects with time"},{"id":198,"order":3,"props":{},"score":"0.00","title":"Explain to the client whether the side effects they are experiencing are normal or not"},{"id":197,"order":2,"props":{},"score":"0.00","title":"Listen to what the client has to say about the side effects"},{"id":196,"order":1,"props":{},"score":"0.00","title":"Ask the client about the side effects she is experiencing"}],"title":"When counseling unsatisfied users with side effects, providers should:","type":"multichoice"}},{"id":65,"order":5,"question":{"id":65,"props":{"maxscore":1},"responses":[{"id":194,"order":2,"props":{},"score":"1.00","title":"Asking the client follow up questions"},{"id":195,"order":3,"props":{},"score":"0.00","title":"Talking to other providers during the session"},{"id":193,"order":1,"props":{},"score":"0.00","title":"Not looking at the client when she is talking"}],"title":"During counseling sessions with family planning clients, providers demonstrate they are fully engaged with the client by:","type":"multichoice"}},{"id":64,"order":4,"question":{"id":64,"props":{"maxscore":1},"responses":[{"id":192,"order":3,"props":{},"score":"1.00","title":"Be truthful \u2013 tell them about the potential side effects associated with method use but also explain that not everyone experiences any, or all, of the side effects and most reduce, or go away completely, with time"},{"id":191,"order":2,"props":{},"score":"0.00","title":"Try to scare the client from using the method \u2013 as they will likely discontinue using it anyways"},{"id":190,"order":1,"props":{},"score":"0.00","title":"Present the myths"}],"title":"When providers discuss side effects with clients they should:","type":"multichoice"}},{"id":63,"order":3,"question":{"id":63,"props":{"maxscore":1},"responses":[{"id":188,"order":2,"props":{},"score":"0.00","title":"Client"},{"id":189,"order":3,"props":{},"score":"1.00","title":"The Provider and the Client jointly"},{"id":187,"order":1,"props":{},"score":"0.00","title":"Provider"}],"title":"Who should select the family planning method, the provider or the client?","type":"multichoice"}},{"id":62,"order":2,"question":{"id":62,"props":{"maxscore":1},"responses":[{"id":185,"order":1,"props":{},"score":"1.00","title":"True"},{"id":186,"order":2,"props":{},"score":"0.00","title":"False"}],"title":"True or False: Clients less than 20 years have fewer family planning options than clients over 20 years.","type":"multichoice"}},{"id":61,"order":1,"question":{"id":61,"props":{"maxscore":1},"responses":[{"id":184,"order":4,"props":{},"score":"1.00","title":"All of the above"},{"id":183,"order":3,"props":{},"score":"0.00","title":"Showing the client respect"},{"id":182,"order":2,"props":{},"score":"0.00","title":"Encouraging the client to make herself comfortable"},{"id":181,"order":1,"props":{},"score":"0.00","title":"Smiling"}],"title":"Greeting each client appropriately is an important first step to ensure a good counseling session. Greetings should include:","type":"multichoice"}}],"resource_uri":"\/api\/v1\/quiz\/11\/","title":"nurhi-fp 0 Pre-Test"}</content></activity><langs><lang>en</lang></langs></meta><structure><section order="1"><title lang="en">Session Overview</title><activities><activity type="page" order="1" digest="e4393351c621d541496d2d73908002c06292"><title lang="en">Introductory Video</title><media><file filename="introductory_video.mp4" download_url="http://oppia.dreamhosters.com/media/videos/introductory_video.mp4" digest="68746d6baa4ef49884e1923a3ade0ee6" filesize="4786373" length="131"/></media><image filename="/images/6292.png"/><location lang="en">01_6292_en.html</location></activity><activity type="page" order="2" digest="1b260d1cc8216afd3fcb8216eacb74d76293"><title lang="en">Session Overview</title><media><file filename="session_overview.mp4" download_url="http://oppia.dreamhosters.com/media/videos/session_overview.mp4" digest="3ced1448dbc4f1df4dd34b46e7dcd0da" filesize="73587847" length="657"/></media><image filename="/images/6293.png"/><location lang="en">01_6293_en.html</location></activity></activities></section><section order="2"><title lang="en">Session 1</title><activities><activity type="page" order="1" digest="abb5a6da401636a2720aaf57e697759a6294"><title lang="en">Scenario 1</title><media><file filename="CS1_Scenario1.mp4" download_url="http://oppia.dreamhosters.com/media/videos/CS1_Scenario1.mp4" digest="8c55e2e67ef73b3fb845a4367838dfd0" filesize="28340566" length="331"/></media><image filename="/images/6294.png"/><location lang="en">02_6294_en.html</location></activity><activity type="page" order="2" digest="02beea2484fda68e9e0b59d92baaea486295"><title lang="en">Scenario 1A</title><media><file filename="CS1_Scenario1A.mp4" download_url="http://oppia.dreamhosters.com/media/videos/CS1_Scenario1A.mp4" digest="52ffae3e487817457dc7b85821437f85" filesize="26696873" length="309"/></media><image filename="/images/6295.png"/><location lang="en">02_6295_en.html</location></activity><activity type="quiz" order="3" digest="9c1636faa2992fcc0cd30729559a8a6c6296r0"><title lang="en">Session 1 Quiz</title><content lang="en">{"description":"Session 1","id":12,"lastupdated_date":"2014-02-15T17:39:28","owner":"\/api\/v1\/user\/1\/","props":{"courseversion":"20140215183719","digest":"9c1636faa2992fcc0cd30729559a8a6c6296r0","maxscore":4},"questions":[{"id":79,"order":4,"question":{"id":79,"props":{"maxscore":1},"responses":[{"id":234,"order":3,"props":{},"score":"1.00","title":"Be truthful \u2013 tell them about the potential side effects associated with method use but also explain that not everyone experiences any, or all, of the side effects and most reduce, or go away completely, with time"},{"id":233,"order":2,"props":{},"score":"0.00","title":"Try to scare the client from using the method \u2013 as they will likely discontinue using it anyways"},{"id":232,"order":1,"props":{},"score":"0.00","title":"Present the myths"}],"title":"When providers discuss side effects with clients they should:","type":"multichoice"}},{"id":78,"order":3,"question":{"id":78,"props":{"maxscore":1},"responses":[{"id":231,"order":3,"props":{},"score":"1.00","title":"The Provider and the Client jointly"},{"id":230,"order":2,"props":{},"score":"0.00","title":"Client"},{"id":229,"order":1,"props":{},"score":"0.00","title":"Provider"}],"title":"Who should select the family planning method, the provider or the client?","type":"multichoice"}},{"id":77,"order":2,"question":{"id":77,"props":{"maxscore":1},"responses":[{"id":228,"order":2,"props":{},"score":"0.00","title":"False"},{"id":227,"order":1,"props":{},"score":"1.00","title":"True"}],"title":"True or False: Clients less than 20 years have fewer family planning options than clients over 20 years.","type":"multichoice"}},{"id":76,"order":1,"question":{"id":76,"props":{"maxscore":1},"responses":[{"id":225,"order":3,"props":{},"score":"0.00","title":"Showing the client respect"},{"id":226,"order":4,"props":{},"score":"1.00","title":"All of the above"},{"id":223,"order":1,"props":{},"score":"0.00","title":"Smiling"},{"id":224,"order":2,"props":{},"score":"0.00","title":"Encouraging the client to make herself comfortable"}],"title":"Greeting each client appropriately is an important first step to ensure a good counseling session. Greetings should include:","type":"multichoice"}}],"resource_uri":"\/api\/v1\/quiz\/12\/","title":"nurhi-fp 2 Session 1 Quiz"}</content></activity></activities></section><section order="3"><title lang="en">Session 2</title><activities><activity type="page" order="1" digest="2c40d0c0cb8c2d39bc96a0520970f5e86297"><title lang="en">Scenario 2</title><media><file filename="cs2_scenario.mp4" download_url="http://oppia.dreamhosters.com/media/videos/cs2_scenario.mp4" digest="b4354a508d58807ce0327ee452473838" filesize="18350779" length="215"/></media><image filename="/images/6297.png"/><location lang="en">03_6297_en.html</location></activity><activity type="page" order="2" digest="11ee155a20a67cfe608a63e35bcdb78c6298"><title lang="en">Scenario 2A</title><media><file filename="cs2_scenarioA.mp4" download_url="http://oppia.dreamhosters.com/media/videos/cs2_scenarioA.mp4" digest="dfcf4a91605d0889467019115086b117" filesize="24948610" length="287"/></media><image filename="/images/6298.png"/><location lang="en">03_6298_en.html</location></activity><activity type="quiz" order="3" digest="4336ecaa8d720f12e7402d26b30c41436299r0"><title lang="en">Session 2 Quiz</title><content lang="en">{"description":"Session 2","id":13,"lastupdated_date":"2014-02-15T17:41:06","owner":"\/api\/v1\/user\/1\/","props":{"courseversion":"20140215183719","digest":"4336ecaa8d720f12e7402d26b30c41436299r0","maxscore":3},"questions":[{"id":82,"order":3,"question":{"id":82,"props":{"maxscore":1},"responses":[{"id":246,"order":4,"props":{},"score":"0.00","title":"All of the above"},{"id":244,"order":2,"props":{},"score":"0.00","title":"Dissuade the client from discontinuing by telling her that all side effects stop with time"},{"id":245,"order":3,"props":{},"score":"1.00","title":"Ask the client whether she would be interested in switching to a different method"},{"id":243,"order":1,"props":{},"score":"0.00","title":"Tell the client she needs to come back for another appointment \u2013 after all, she may experience less side effects with time and, therefore, not need to discontinue the method"}],"title":"When discussing next steps with return clients who are sure they want to discontinue a method, providers should:","type":"multichoice"}},{"id":81,"order":2,"question":{"id":81,"props":{"maxscore":1},"responses":[{"id":242,"order":5,"props":{},"score":"1.00","title":"All of the above"},{"id":241,"order":4,"props":{},"score":"0.00","title":"Tell the client that she may experience a lessening in side effects with time"},{"id":240,"order":3,"props":{},"score":"0.00","title":"Explain to the client whether the side effects they are experiencing are normal or not"},{"id":239,"order":2,"props":{},"score":"0.00","title":"Listen to what the client has to say about the side effects"},{"id":238,"order":1,"props":{},"score":"0.00","title":"Ask the client about the side effects she is experiencing"}],"title":"When counseling unsatisfied users with side effects, providers should:","type":"multichoice"}},{"id":80,"order":1,"question":{"id":80,"props":{"maxscore":1},"responses":[{"id":236,"order":2,"props":{},"score":"1.00","title":"Asking the client follow up questions"},{"id":237,"order":3,"props":{},"score":"0.00","title":"Talking to other providers during the session"},{"id":235,"order":1,"props":{},"score":"0.00","title":"Not looking at the client when she is talking"}],"title":"During counseling sessions with family planning clients, providers demonstrate they are fully engaged with the client by:","type":"multichoice"}}],"resource_uri":"\/api\/v1\/quiz\/13\/","title":"nurhi-fp 3 Session 2 Quiz"}</content></activity></activities></section><section order="4"><title lang="en">Session 3</title><activities><activity type="page" order="1" digest="21566f7473dd2a1be93952d98bdf0ca76300"><title lang="en">Scenario 3</title><media><file filename="cs3_scenario.mp4" download_url="http://oppia.dreamhosters.com/media/videos/cs3_scenario.mp4" digest="ffb499d72726361b61ef8889777ce486" filesize="33305868" length="382"/></media><image filename="/images/6300.png"/><location lang="en">04_6300_en.html</location></activity><activity type="page" order="2" digest="2a7b0b07f6eaa5bcc0c4e118c51ba57a6301"><title lang="en">Scenario 3A</title><media><file filename="cs3_scenarioA.mp4" download_url="http://oppia.dreamhosters.com/media/videos/cs3_scenarioA.mp4" digest="30fff070506e5d535c9b39d1d2f1a1b7" filesize="29807475" length="341"/></media><image filename="/images/6301.png"/><location lang="en">04_6301_en.html</location></activity><activity type="quiz" order="3" digest="191643ab6729ddcd20901a95d889e9cf6302r0"><title lang="en">Session 3 Quiz</title><content lang="en">{"description":"Session 3","id":14,"lastupdated_date":"2014-02-15T17:42:43","owner":"\/api\/v1\/user\/1\/","props":{"courseversion":"20140215183719","digest":"191643ab6729ddcd20901a95d889e9cf6302r0","maxscore":5},"questions":[{"id":87,"order":5,"question":{"id":87,"props":{"maxscore":1},"responses":[{"id":256,"order":5,"props":{},"score":"0.00","title":"Tell the client about the common fears associated with use of this method"},{"id":255,"order":2,"props":{},"score":"0.00","title":"Convince the client to use different methods that are better for her based on her age and marital status"}],"title":"How should a provider talk to clients who arrive for counseling with a family planning method in mind? (Select all that apply)","type":"multiselect"}},{"id":86,"order":4,"question":{"id":86,"props":{"maxscore":1},"responses":[{"id":254,"order":2,"props":{},"score":"0.00","title":"False"},{"id":253,"order":1,"props":{},"score":"1.00","title":"True"}],"title":"Clients who have a family planning method in mind when coming to the clinic, and obtain that method are more likely to continue using that method than those who have a method imposed on them?","type":"multichoice"}},{"id":85,"order":3,"question":{"id":85,"props":{"maxscore":1},"responses":[{"id":251,"order":1,"props":{},"score":"0.00","title":"True"},{"id":252,"order":2,"props":{},"score":"1.00","title":"False"}],"title":"Most clients come to family planning clinics with a family planning method in mind?","type":"multichoice"}},{"id":84,"order":2,"question":{"id":84,"props":{"maxscore":1},"responses":[{"id":250,"order":2,"props":{},"score":"1.00","title":"False"},{"id":249,"order":1,"props":{},"score":"0.00","title":"True"}],"title":"True or false: Family planning services are only for married people, they are, after all, the only ones who should be having sexual relationships.","type":"multichoice"}},{"id":83,"order":1,"question":{"id":83,"props":{"maxscore":1},"responses":[{"id":247,"order":1,"props":{},"score":"0.00","title":"Agree"},{"id":248,"order":2,"props":{},"score":"1.00","title":"Disagree"}],"title":"Agree or disagree: Family planning providers should provide moral advice in addition to clinical advice.","type":"multichoice"}}],"resource_uri":"\/api\/v1\/quiz\/14\/","title":"nurhi-fp 4 Session 3 Quiz"}</content></activity></activities></section><section order="5"><title lang="en">Session 4</title><activities><activity type="page" order="1" digest="1f89bb7dedbc41bd76449db4d37f23ad6303"><title lang="en">Scenario 4</title><media><file filename="cs4_scenario.mp4" download_url="http://oppia.dreamhosters.com/media/videos/cs4_scenario.mp4" digest="d9909e16eba29ecf1f7ff1bb488b7f07" filesize="34902166" length="411"/></media><image filename="/images/6303.png"/><location lang="en">05_6303_en.html</location></activity><activity type="page" order="2" digest="e15ca03caec6db285948ee89a95adbe36304"><title lang="en">Scenario 4A</title><media><file filename="cs4_scenarioA.mp4" download_url="http://oppia.dreamhosters.com/media/videos/cs4_scenarioA.mp4" digest="eb59144d9a4fa9103a2242b06c8d8bb6" filesize="40286010" length="470"/></media><image filename="/images/6304.png"/><location lang="en">05_6304_en.html</location></activity><activity type="quiz" order="3" digest="2ce8b10ec998246c3dc50dea302cba1c6305r0"><title lang="en">Session 4 Quiz</title><content lang="en">{"description":"Session 4","id":15,"lastupdated_date":"2014-02-15T17:44:23","owner":"\/api\/v1\/user\/1\/","props":{"courseversion":"20140215183719","digest":"2ce8b10ec998246c3dc50dea302cba1c6305r0","maxscore":3},"questions":[{"id":90,"order":3,"question":{"id":90,"props":{"maxscore":1},"responses":[{"id":263,"order":1,"props":{},"score":"0.00","title":"True"},{"id":264,"order":2,"props":{},"score":"1.00","title":"False"}],"title":"If a client insists on using tubal ligation, it is best to try and dissuade her from going forth at all costs \u2013 as she will definitely regret her decision later in life","type":"multichoice"}},{"id":89,"order":2,"question":{"id":89,"props":{"maxscore":1},"responses":[{"id":262,"order":4,"props":{},"score":"1.00","title":"A woman can get a tubal ligation at any age"},{"id":259,"order":1,"props":{},"score":"0.00","title":"Less than 25"},{"id":260,"order":2,"props":{},"score":"0.00","title":"Less than 35"},{"id":261,"order":3,"props":{},"score":"0.00","title":"Less than 40"}],"title":"At what age is a woman too young to get a tubal ligation?","type":"multichoice"}},{"id":88,"order":1,"question":{"id":88,"props":{"maxscore":1},"responses":[{"id":257,"order":1,"props":{},"score":"0.00","title":"Agree"},{"id":258,"order":2,"props":{},"score":"1.00","title":"Disagree"}],"title":"Agree or disagree: It puts clients at ease when providers joke with them about their situation in life.","type":"multichoice"}}],"resource_uri":"\/api\/v1\/quiz\/15\/","title":"nurhi-fp 5 Session 4 Quiz"}</content></activity></activities></section></structure><media><file filename="introductory_video.mp4" download_url="http://oppia.dreamhosters.com/media/videos/introductory_video.mp4" digest="68746d6baa4ef49884e1923a3ade0ee6" filesize="4786373" length="131"/><file filename="session_overview.mp4" download_url="http://oppia.dreamhosters.com/media/videos/session_overview.mp4" digest="3ced1448dbc4f1df4dd34b46e7dcd0da" filesize="73587847" length="657"/><file filename="CS1_Scenario1.mp4" download_url="http://oppia.dreamhosters.com/media/videos/CS1_Scenario1.mp4" digest="8c55e2e67ef73b3fb845a4367838dfd0" filesize="28340566" length="331"/><file filename="CS1_Scenario1A.mp4" download_url="http://oppia.dreamhosters.com/media/videos/CS1_Scenario1A.mp4" digest="52ffae3e487817457dc7b85821437f85" filesize="26696873" length="309"/><file filename="cs2_scenario.mp4" download_url="http://oppia.dreamhosters.com/media/videos/cs2_scenario.mp4" digest="b4354a508d58807ce0327ee452473838" filesize="18350779" length="215"/><file filename="cs2_scenarioA.mp4" download_url="http://oppia.dreamhosters.com/media/videos/cs2_scenarioA.mp4" digest="dfcf4a91605d0889467019115086b117" filesize="24948610" length="287"/><file filename="cs3_scenario.mp4" download_url="http://oppia.dreamhosters.com/media/videos/cs3_scenario.mp4" digest="ffb499d72726361b61ef8889777ce486" filesize="33305868" length="382"/><file filename="cs3_scenarioA.mp4" download_url="http://oppia.dreamhosters.com/media/videos/cs3_scenarioA.mp4" digest="30fff070506e5d535c9b39d1d2f1a1b7" filesize="29807475" length="341"/><file filename="cs4_scenario.mp4" download_url="http://oppia.dreamhosters.com/media/videos/cs4_scenario.mp4" digest="d9909e16eba29ecf1f7ff1bb488b7f07" filesize="34902166" length="411"/><file filename="cs4_scenarioA.mp4" download_url="http://oppia.dreamhosters.com/media/videos/cs4_scenarioA.mp4" digest="eb59144d9a4fa9103a2242b06c8d8bb6" filesize="40286010" length="470"/></media></module>
