<?xml version="1.0"?>
<module><meta><versionid>20140217153714</versionid><title lang="en">Library</title><shortname>nurhi-lib</shortname><langs><lang>en</lang></langs></meta><structure><section order="1"><title lang="en">Library</title><activities><activity type="resource" order="1" digest="317a12bf794e066801a815b71877e3987191"><title lang="en">Medical Eligibility Criteria Chart</title><description lang="en">Medical Eligibility Criteria Chart</description><location lang="en" type="application/pdf">/resources/quickreferences.pdf</location></activity><activity type="resource" order="2" digest="ff9cadbf3fb8933fc86e3e06e5e397867193"><title lang="en">Balanced Counseling Strategy Plus</title><description lang="en">Balanced Counseling Strategy Plus</description><location lang="en" type="application/pdf">/resources/pluss.pdf</location></activity><activity type="resource" order="3" digest="0d49546aa4001919e4dae513a5b867ae7194"><title lang="en">FP/RH Protocols</title><description lang="en">FP/RH Protocols</description><location lang="en" type="application/pdf">/resources/nationalservices.pdf</location></activity><activity type="resource" order="4" digest="c31a0a4ff91c418fb95474d99c4441b67195"><title lang="en">OJT FP Handouts</title><description lang="en">OJT FP Handouts</description><location lang="en" type="application/pdf">/resources/ojtmanuals.pdf</location></activity><activity type="resource" order="5" digest="593226e76489a5481fc30848edc451057196"><title lang="en">GATHER</title><description lang="en">GATHER</description><location lang="en" type="application/pdf">/resources/gathercue_card_non_clinicals.pdf</location></activity><activity type="resource" order="6" digest="94ba1c5ad3d0878aa8d331ecf0b601b27197"><title lang="en">FAQs</title><description lang="en">FAQs</description><location lang="en" type="application/pdf">/resources/faqss.pdf</location></activity><activity type="page" order="7" digest="2490c1e42f9184165652d59a35e5114f6314"><title lang="en">App for Contraceptive Eligibility</title><location lang="en">01_6314_en.html</location></activity></activities></section></structure></module>
