<?xml version="1.0"?>
<module><meta><versionid>20140214181230</versionid><title lang="en">Family Planning Counselling</title><shortname>nurhi-fp</shortname><activity type="quiz" order="1" digest="8e813d5df4fe7e1c2b2ce7cf5f43f68f6290r0"><title lang="en">Pre-Test</title><content lang="en">null</content></activity><langs><lang>en</lang></langs></meta><structure><section order="1"><title lang="en">Session Overview</title><activities><activity type="page" order="1" digest="bbc421e27c209b3d1015c59f1b57f7286292"><title lang="en">Introductory Video</title><media><file filename="introductory_video.mp4" download_url="http://oppia.dreamhosters.com/media/videos/introductory_video.mp4" digest="68746d6baa4ef49884e1923a3ade0ee6" filesize="4786373" length="131"/></media><image filename="/images/6292.png"/><location lang="en">01_6292_en.html</location></activity><activity type="page" order="2" digest="694e5f99b22a086d243ab3835c5404b06293"><title lang="en">Session Overview</title><media><file filename="session_overview.mp4" download_url="http://oppia.dreamhosters.com/media/videos/session_overview.mp4" digest="3ced1448dbc4f1df4dd34b46e7dcd0da" filesize="73587847" length="657"/></media><image filename="/images/6293.png"/><location lang="en">01_6293_en.html</location></activity></activities></section><section order="2"><title lang="en">Session 1</title><activities><activity type="page" order="1" digest="d8bb1be94e2916806da6e7d377d818f76294"><title lang="en">Scenario 1</title><media><file filename="CS1_Scenario1.mp4" download_url="http://oppia.dreamhosters.com/media/videos/CS1_Scenario1.mp4" digest="8c55e2e67ef73b3fb845a4367838dfd0" filesize="28340566" length="331"/></media><image filename="/images/6294.png"/><location lang="en">02_6294_en.html</location></activity><activity type="page" order="2" digest="97e30ffc06114a5a46b6c462f38a9f766295"><title lang="en">Scenario 1A</title><media><file filename="CS1_Scenario1A.mp4" download_url="http://oppia.dreamhosters.com/media/videos/CS1_Scenario1A.mp4" digest="52ffae3e487817457dc7b85821437f85" filesize="26696873" length="309"/></media><image filename="/images/6295.png"/><location lang="en">02_6295_en.html</location></activity><activity type="quiz" order="3" digest="1e252bf51a2c607a71e38e70b1a2c0da6296r0"><title lang="en">Session 1 Quiz</title><content lang="en">null</content></activity></activities></section><section order="3"><title lang="en">Session 2</title><activities><activity type="page" order="1" digest="47fbf43c919feaff17f8940a26ddd3be6297"><title lang="en">Scenario 2</title><media><file filename="cs2_scenario.mp4" download_url="http://oppia.dreamhosters.com/media/videos/cs2_scenario.mp4" digest="b4354a508d58807ce0327ee452473838" filesize="18350779" length="215"/></media><image filename="/images/6297.png"/><location lang="en">03_6297_en.html</location></activity><activity type="page" order="2" digest="acee144d135c0264a95f4621742b43426298"><title lang="en">Scenario 2A</title><media><file filename="cs2_scenarioA.mp4" download_url="http://oppia.dreamhosters.com/media/videos/cs2_scenarioA.mp4" digest="dfcf4a91605d0889467019115086b117" filesize="24948610" length="287"/></media><image filename="/images/6298.png"/><location lang="en">03_6298_en.html</location></activity><activity type="quiz" order="3" digest="7897eddeadd43d94407dab2a0a27f6e36299r0"><title lang="en">Session 2 Quiz</title><content lang="en">null</content></activity></activities></section><section order="4"><title lang="en">Session 3</title><activities><activity type="page" order="1" digest="02e15402949550d2c8c2b7ae9c134fb86300"><title lang="en">Scenario 3</title><media><file filename="cs3_scenario.mp4" download_url="http://oppia.dreamhosters.com/media/videos/cs3_scenario.mp4" digest="ffb499d72726361b61ef8889777ce486" filesize="33305868" length="382"/></media><image filename="/images/6300.png"/><location lang="en">04_6300_en.html</location></activity><activity type="page" order="2" digest="9e7d1bbf2387da3651671b9a8fb1f57c6301"><title lang="en">Scenario 3A</title><media><file filename="cs3_scenarioA.mp4" download_url="http://oppia.dreamhosters.com/media/videos/cs3_scenarioA.mp4" digest="30fff070506e5d535c9b39d1d2f1a1b7" filesize="29807475" length="341"/></media><image filename="/images/6301.png"/><location lang="en">04_6301_en.html</location></activity><activity type="quiz" order="3" digest="a48bf2de7e387a021b2612994ef757736302r0"><title lang="en">Session 3 Quiz</title><content lang="en">null</content></activity></activities></section><section order="5"><title lang="en">Session 4</title><activities><activity type="page" order="1" digest="55543bbc4f24f49d291343d68b3eba2b6303"><title lang="en">Scenario 4</title><media><file filename="cs4_scenario.m4v" download_url="http://oppia.dreamhosters.com/media/videos/cs4_scenario.m4v" digest="fbe3abe9f3a1eed6ba6d9b44c01199fb" filesize="36942096" length="411"/></media><image filename="/images/6303.png"/><location lang="en">05_6303_en.html</location></activity><activity type="page" order="2" digest="741bf56cc04eb9a49896834f145dc0926304"><title lang="en">Scenario 4A</title><media><file filename="cs4_scenarioA.mp4" download_url="http://oppia.dreamhosters.com/media/videos/cs4_scenarioA.mp4" digest="eb59144d9a4fa9103a2242b06c8d8bb6" filesize="40286010" length="470"/></media><image filename="/images/6304.png"/><location lang="en">05_6304_en.html</location></activity><activity type="quiz" order="3" digest="20a064e64f1fb00dc76396e005c24c326305r0"><title lang="en">Session 4 Quiz</title><content lang="en">null</content></activity></activities></section></structure><media><file filename="introductory_video.mp4" download_url="http://oppia.dreamhosters.com/media/videos/introductory_video.mp4" digest="68746d6baa4ef49884e1923a3ade0ee6" filesize="4786373" length="131"/><file filename="session_overview.mp4" download_url="http://oppia.dreamhosters.com/media/videos/session_overview.mp4" digest="3ced1448dbc4f1df4dd34b46e7dcd0da" filesize="73587847" length="657"/><file filename="CS1_Scenario1.mp4" download_url="http://oppia.dreamhosters.com/media/videos/CS1_Scenario1.mp4" digest="8c55e2e67ef73b3fb845a4367838dfd0" filesize="28340566" length="331"/><file filename="CS1_Scenario1A.mp4" download_url="http://oppia.dreamhosters.com/media/videos/CS1_Scenario1A.mp4" digest="52ffae3e487817457dc7b85821437f85" filesize="26696873" length="309"/><file filename="cs2_scenario.mp4" download_url="http://oppia.dreamhosters.com/media/videos/cs2_scenario.mp4" digest="b4354a508d58807ce0327ee452473838" filesize="18350779" length="215"/><file filename="cs2_scenarioA.mp4" download_url="http://oppia.dreamhosters.com/media/videos/cs2_scenarioA.mp4" digest="dfcf4a91605d0889467019115086b117" filesize="24948610" length="287"/><file filename="cs3_scenario.mp4" download_url="http://oppia.dreamhosters.com/media/videos/cs3_scenario.mp4" digest="ffb499d72726361b61ef8889777ce486" filesize="33305868" length="382"/><file filename="cs3_scenarioA.mp4" download_url="http://oppia.dreamhosters.com/media/videos/cs3_scenarioA.mp4" digest="30fff070506e5d535c9b39d1d2f1a1b7" filesize="29807475" length="341"/><file filename="cs4_scenario.m4v" download_url="http://oppia.dreamhosters.com/media/videos/cs4_scenario.m4v" digest="fbe3abe9f3a1eed6ba6d9b44c01199fb" filesize="36942096" length="411"/><file filename="cs4_scenarioA.mp4" download_url="http://oppia.dreamhosters.com/media/videos/cs4_scenarioA.mp4" digest="eb59144d9a4fa9103a2242b06c8d8bb6" filesize="40286010" length="470"/></media></module>
