<?xml version="1.0"?>
<module><meta><versionid>20140729170642</versionid><priority>0</priority><server>http://oppia.dreamhosters.com/</server><title lang="en">Library</title><shortname>nurhi-lib</shortname><description lang="en"></description><langs><lang>en</lang></langs></meta><structure><section order="1"><title lang="en">Library</title><activities><activity type="resource" order="1" digest="317a12bf794e066801a815b71877e3987228"><title lang="en">Medical Eligibility Criteria Chart</title><description lang="en">Medical Eligibility Criteria Chart</description><location lang="en" type="application/pdf">/resources/quickreferences.pdf</location></activity><activity type="resource" order="2" digest="ff9cadbf3fb8933fc86e3e06e5e397867229"><title lang="en">Balanced Counseling Strategy Plus</title><description lang="en">Balanced Counseling Strategy Plus</description><location lang="en" type="application/pdf">/resources/pluss.pdf</location></activity><activity type="resource" order="3" digest="0d49546aa4001919e4dae513a5b867ae7230"><title lang="en">FP/RH Protocols</title><description lang="en">FP/RH Protocols</description><location lang="en" type="application/pdf">/resources/nationalservices.pdf</location></activity><activity type="resource" order="4" digest="c31a0a4ff91c418fb95474d99c4441b67231"><title lang="en">OJT FP Handouts</title><description lang="en">OJT FP Handouts</description><location lang="en" type="application/pdf">/resources/ojtmanuals.pdf</location></activity><activity type="resource" order="5" digest="72eba9c22de0c32047d5b4ae4ffaa17f21525"><title lang="en">Gather Cue Card - Clinical</title><description lang="en">Gather Cue Card - Clinical</description><location lang="en" type="application/pdf">/resources/Gather Cue Card Clinical 13-02-12.pdf</location></activity><activity type="resource" order="6" digest="89bc5d30da9c0ab1b08a63255e3d66eb21526"><title lang="en">FP Method Cue Card - Non Clinical </title><description lang="en">FP Method Cue Card - Non Clinical</description><location lang="en" type="application/pdf">/resources/FP Method Cue Card Non Clinical cdr.pdf</location></activity><activity type="resource" order="7" digest="1458e31f97b1c62ca3c931d2258b86fa21535"><title lang="en">flip chart cover and layout</title><description lang="en"></description><location lang="en" type="application/pdf">/resources/flip chart cover and layout.pdf</location></activity><activity type="resource" order="8" digest="94ba1c5ad3d0878aa8d331ecf0b601b27233"><title lang="en">FAQs</title><description lang="en">FAQs</description><location lang="en" type="application/pdf">/resources/faqss.pdf</location></activity><activity type="page" order="9" digest="410e0a42419e36deadf125bcbe5854136470"><title lang="en">App for Contraceptive Eligibility</title><location lang="en">01_6470_en.html</location></activity></activities></section><section order="2"><title lang="en">Infection Prevention Posters</title><activities><activity type="resource" order="1" digest="82cddf04c7c670e9204768d9b7eea78021527"><title lang="en">Disinfection</title><description lang="en">Disinfection</description><location lang="en" type="application/pdf">/resources/Infection prevention Disinfection.pdf</location></activity><activity type="resource" order="2" digest="a5476fe430b13d7a2063d38b5fa7767821528"><title lang="en">Hand Wash</title><description lang="en">Hand Wash</description><location lang="en" type="application/pdf">/resources/Infection prevention  Hand Wash.pdf</location></activity><activity type="resource" order="3" digest="06265ecdd324c2be4eeabe25b369d9d621529"><title lang="en">Waste Disposal</title><description lang="en">Waste Disposal</description><location lang="en" type="application/pdf">/resources/Infection prevention  Waste disposal.pdf</location></activity></activities></section><section order="3"><title lang="en">Individual Information on Methods</title><activities><activity type="resource" order="1" digest="a649bbb58f7de585714ddb153e418c9421530"><title lang="en">Lactational Amenorrhea method</title><description lang="en"></description><location lang="en" type="application/pdf">/resources/Lactational Amenorrhea method.pdf</location></activity><activity type="resource" order="2" digest="94c9a2884154f73fcea726e2bb79edfa21531"><title lang="en">Hormonal Impl Jadelle flier</title><description lang="en"></description><location lang="en" type="application/pdf">/resources/Hormonal Impl Jadelle flier.pdf</location></activity><activity type="resource" order="3" digest="177286c5db640f7bb9559e2f0f54006121532"><title lang="en">Optimal  copper T flier</title><description lang="en"></description><location lang="en" type="application/pdf">/resources/Optimal  copper T flier.pdf</location></activity><activity type="resource" order="4" digest="bf27d5bf79812eba98255c7d8628bdde21533"><title lang="en">Progestine  Injectable flier</title><description lang="en"></description><location lang="en" type="application/pdf">/resources/Progestine  Injectable flier.pdf</location></activity><activity type="resource" order="5" digest="f9ca0bc4d4c4f0b4c97b40eef093ed0e21534"><title lang="en">Oral Pill flier</title><description lang="en"></description><location lang="en" type="application/pdf">/resources/Oral Pill flier.pdf</location></activity></activities></section></structure></module>
