<?xml version="1.0"?>
<module><meta><versionid>20141122111422</versionid><priority>10</priority><server>http://oppia.dreamhosters.com/</server><title lang="en">Family Planning Counselling</title><shortname>nurhi-fp</shortname><description lang="en"></description><activity type="quiz" order="2" digest="f7ce9ea84c1ed27f8c91baa798b2348721118cr0s2a1p80a0"><title lang="en">Pre-Test</title><content lang="en">{"description":{"en":"Pre-test"},"id":61,"lastupdated_date":"2014-11-22T10:36:47","owner":"\/api\/v1\/user\/1\/","props":{"allowtryagain":"1","availability":"0","courseversion":"20141122105648","digest":"f7ce9ea84c1ed27f8c91baa798b2348721118cr0s2a1p80a0","maxscore":15,"passthreshold":"80","showfeedback":"2"},"questions":[{"id":500,"order":1,"question":{"id":500,"props":{"maxscore":1},"responses":[{"id":1450,"order":1,"props":{},"score":"0.00","title":{"en":"Smiling"}},{"id":1451,"order":2,"props":{},"score":"0.00","title":{"en":"Encouraging the client to make herself comfortable"}},{"id":1452,"order":3,"props":{},"score":"0.00","title":{"en":"Showing the client respect"}},{"id":1453,"order":4,"props":{},"score":"1.00","title":{"en":"All of the above"}}],"title":{"en":"\u00a0 Greeting each client appropriately is an important first step to ensure a good counseling session. Greetings should include:"},"type":"multichoice"}},{"id":501,"order":2,"question":{"id":501,"props":{"maxscore":1},"responses":[{"id":1454,"order":1,"props":{},"score":"0.00","title":{"en":"True"}},{"id":1455,"order":2,"props":{},"score":"1.00","title":{"en":"False"}}],"title":{"en":"True or False: Clients less than 20 years have fewer family planning options than clients over 20 years."},"type":"multichoice"}},{"id":502,"order":3,"question":{"id":502,"props":{"maxscore":1},"responses":[{"id":1456,"order":1,"props":{},"score":"0.00","title":{"en":"Provider"}},{"id":1457,"order":2,"props":{},"score":"0.00","title":{"en":"Client"}},{"id":1458,"order":3,"props":{},"score":"1.00","title":{"en":"The Provider and the Client jointly"}}],"title":{"en":"Who should select the family planning method, the provider or the client?"},"type":"multichoice"}},{"id":503,"order":4,"question":{"id":503,"props":{"maxscore":1},"responses":[{"id":1459,"order":1,"props":{},"score":"0.00","title":{"en":"Present the myths"}},{"id":1460,"order":2,"props":{},"score":"0.00","title":{"en":"Try to scare the client from using the method \u2013 as they will likely discontinue using it anyways"}},{"id":1461,"order":3,"props":{},"score":"1.00","title":{"en":"Be truthful \u2013 tell them about the potential side effects associated with method use but also explain that not everyone experiences any, or all, of the side effects and most reduce, or go away completely, with time"}}],"title":{"en":"When providers discuss side effects with clients they should:"},"type":"multichoice"}},{"id":504,"order":5,"question":{"id":504,"props":{"maxscore":1},"responses":[{"id":1462,"order":1,"props":{},"score":"0.00","title":{"en":"Not looking at the client when she is talking"}},{"id":1463,"order":2,"props":{},"score":"1.00","title":{"en":"Asking the client follow up questions"}},{"id":1464,"order":3,"props":{},"score":"0.00","title":{"en":"Talking to other providers during the session"}}],"title":{"en":"During counseling sessions with family planning clients, providers demonstrate they are fully engaged with the client by:"},"type":"multichoice"}},{"id":505,"order":6,"question":{"id":505,"props":{"maxscore":1},"responses":[{"id":1465,"order":1,"props":{},"score":"0.00","title":{"en":"Ask the client about the side effects she is experiencing"}},{"id":1466,"order":2,"props":{},"score":"0.00","title":{"en":"Listen to what the client has to say about the side effects"}},{"id":1467,"order":3,"props":{},"score":"0.00","title":{"en":"Explain to the client whether the side effects they are experiencing are normal or not"}},{"id":1468,"order":4,"props":{},"score":"0.00","title":{"en":"Tell the client that she may experience a lessening in side effects with time"}},{"id":1469,"order":5,"props":{},"score":"1.00","title":{"en":"All of the Above"}}],"title":{"en":"When counseling unsatisfied users with side effects, providers should:"},"type":"multichoice"}},{"id":506,"order":7,"question":{"id":506,"props":{"maxscore":1},"responses":[{"id":1470,"order":1,"props":{},"score":"0.00","title":{"en":"Tell the client she needs to come back for another appointment \u2013 after all, she may experience less side effects with time and, therefore, not need to discontinue the method"}},{"id":1471,"order":2,"props":{},"score":"0.00","title":{"en":"Dissuade the client from discontinuing by telling her that all side effects stop with time"}},{"id":1472,"order":3,"props":{},"score":"1.00","title":{"en":"Ask the client whether she would be interested in switching to a different method"}},{"id":1473,"order":4,"props":{},"score":"0.00","title":{"en":"All of the above"}}],"title":{"en":"When discussing next steps with return clients who are sure they want to discontinue a method, providers should:"},"type":"multichoice"}},{"id":507,"order":8,"question":{"id":507,"props":{"maxscore":1},"responses":[{"id":1474,"order":1,"props":{},"score":"0.00","title":{"en":"Agree"}},{"id":1475,"order":2,"props":{},"score":"1.00","title":{"en":"Disagree"}}],"title":{"en":"\u00a0 Agree or disagree: Family planning providers should provide moral advice in addition to clinical advice."},"type":"multichoice"}},{"id":508,"order":9,"question":{"id":508,"props":{"maxscore":1},"responses":[{"id":1476,"order":1,"props":{},"score":"0.00","title":{"en":"True"}},{"id":1477,"order":2,"props":{},"score":"1.00","title":{"en":"False"}}],"title":{"en":"True or false: Family planning services are only for married people, they are, after all, the only ones who should be having sexual relationships."},"type":"multichoice"}},{"id":509,"order":10,"question":{"id":509,"props":{"maxscore":1},"responses":[{"id":1478,"order":1,"props":{},"score":"0.00","title":{"en":"True"}},{"id":1479,"order":2,"props":{},"score":"1.00","title":{"en":"False"}}],"title":{"en":"Most clients come to family planning clinics with a family planning method in mind."},"type":"multichoice"}},{"id":510,"order":11,"question":{"id":510,"props":{"maxscore":1},"responses":[{"id":1480,"order":1,"props":{},"score":"1.00","title":{"en":"True"}},{"id":1481,"order":2,"props":{},"score":"0.00","title":{"en":"False"}}],"title":{"en":"Clients who have a family planning method in mind when coming to the clinic, and obtain that method are more likely to continue using that method than those who have a method imposed on them."},"type":"multichoice"}},{"id":511,"order":12,"question":{"id":511,"props":{"maxscore":1},"responses":[{"id":1482,"order":1,"props":{},"score":"1.00","title":{"en":"Try to determine what the client knows about the method"}},{"id":1483,"order":2,"props":{},"score":"0.00","title":{"en":"Convince the client to use different methods that are better for her based on her age and marital status"}},{"id":1484,"order":3,"props":{},"score":"1.00","title":{"en":"Determine if the client is medically eligible to use the method"}},{"id":1485,"order":4,"props":{},"score":"1.00","title":{"en":"Ask the client why she has selected this method"}},{"id":1486,"order":5,"props":{},"score":"0.00","title":{"en":"Tell the client about the common fears associated with use of this method"}}],"title":{"en":"\u00a0 How should a provider talk to clients who arrive for counseling with a family planning method in mind? (SELECT ALL THAT APPLY)"},"type":"multiselect"}},{"id":512,"order":13,"question":{"id":512,"props":{"maxscore":1},"responses":[{"id":1487,"order":1,"props":{},"score":"0.00","title":{"en":"Agree"}},{"id":1488,"order":2,"props":{},"score":"1.00","title":{"en":"Disagree"}}],"title":{"en":"Agree or disagree: It puts clients at ease when providers joke with them about their situation in life."},"type":"multichoice"}},{"id":513,"order":14,"question":{"id":513,"props":{"maxscore":1},"responses":[{"id":1489,"order":1,"props":{},"score":"0.00","title":{"en":"Less than 25"}},{"id":1490,"order":2,"props":{},"score":"0.00","title":{"en":"Less than 35"}},{"id":1491,"order":3,"props":{},"score":"0.00","title":{"en":"Less than 40"}},{"id":1492,"order":4,"props":{},"score":"1.00","title":{"en":"A woman can get a tubal ligation at any age"}}],"title":{"en":"At what age is a woman too young to get a tubal ligation?"},"type":"multichoice"}},{"id":514,"order":15,"question":{"id":514,"props":{"maxscore":1},"responses":[{"id":1493,"order":1,"props":{},"score":"0.00","title":{"en":"True"}},{"id":1494,"order":2,"props":{},"score":"1.00","title":{"en":"False"}}],"title":{"en":"\u00a0\u00a0\u00a0\u00a0\u00a0 True or false: If a client insists on using tubal ligation, it is best to try and dissuade her from going forth at all costs \u2013 as she will definitely regret her decision later in life"},"type":"multichoice"}}],"resource_uri":"\/api\/v1\/quiz\/61\/","title":{"en":"Pre-Test"}}</content></activity><langs><lang>en</lang></langs></meta><structure><section order="1"><title lang="en">Session Overview</title><activities><activity type="page" order="1" digest="3a0d57da5f0b4c0d276cf1d9d671fde36453"><title lang="en">Introductory Video</title><media><file filename="_Module1_Section1_Option1_Animation.mp4" download_url="http://downloads.digital-campus.org/media/nurhi/_Module1_Section1_Option1_Animation.mp4" digest="b2fa243d87b0ee5ef57e338aa921d58b" filesize="8897260" length="137"/></media><image filename="/images/6453.png"/><location lang="en">01_6453_en.html</location></activity><activity type="page" order="2" digest="3867d65b657dfff1518f698d81f01cfd6454"><title lang="en">Session Overview</title><media><file filename="_Module1_Section1_Option2_Slides.mp4" download_url="http://downloads.digital-campus.org/media/nurhi/_Module1_Section1_Option2_Slides.mp4" digest="084ac8077a6ee195cf2c3bb020b6c3a9" filesize="8555667" length="137"/></media><image filename="/images/6454.png"/><location lang="en">01_6454_en.html</location></activity></activities></section><section order="2"><title lang="en">Session 1</title><activities><activity type="page" order="1" digest="e2b28256b7332e2cc74e1989c8d499896455"><title lang="en">Scenario 1</title><media><file filename="_UNSUPPORTIVE1.mp4" download_url="http://downloads.digital-campus.org/media/nurhi/_UNSUPPORTIVE1.mp4" digest="481767a03b91c958dd4ccd36480ca131" filesize="43394323" length="343"/></media><image filename="/images/6455.png"/><location lang="en">02_6455_en.html</location></activity><activity type="page" order="2" digest="b09c4b42b8bdac1a6fb24dc8d5416a816456"><title lang="en">Scenario 1A</title><media><file filename="_SUPPORTIVE1.mp4" download_url="http://downloads.digital-campus.org/media/nurhi/_SUPPORTIVE1.mp4" digest="426682cdf020b90da1caa8a071fad5ab" filesize="41604504" length="321"/></media><image filename="/images/6456.png"/><location lang="en">02_6456_en.html</location></activity><activity type="quiz" order="3" digest="78e874817a05013bd47a2615142c7b3621114cr0s2a1p80a0"><title lang="en">Session 1 Quiz</title><content lang="en">{"description":{"en":"Session 1"},"id":62,"lastupdated_date":"2014-11-22T10:38:47","owner":"\/api\/v1\/user\/1\/","props":{"allowtryagain":"1","availability":"0","courseversion":"20141122105648","digest":"78e874817a05013bd47a2615142c7b3621114cr0s2a1p80a0","maxscore":4,"passthreshold":"80","showfeedback":"2"},"questions":[{"id":515,"order":1,"question":{"id":515,"props":{"maxscore":1},"responses":[{"id":1495,"order":1,"props":{},"score":"0.00","title":{"en":"Smiling"}},{"id":1496,"order":2,"props":{},"score":"0.00","title":{"en":"Encouraging the client to make herself comfortable"}},{"id":1497,"order":3,"props":{},"score":"0.00","title":{"en":"Showing the client respect"}},{"id":1498,"order":4,"props":{},"score":"1.00","title":{"en":"All of the above"}}],"title":{"en":"\u00a0\n1.1) Greeting each client appropriately is an important first step to ensure a good counseling session. Greetings should include:"},"type":"multichoice"}},{"id":516,"order":2,"question":{"id":516,"props":{"maxscore":1},"responses":[{"id":1499,"order":1,"props":{},"score":"0.00","title":{"en":"True"}},{"id":1500,"order":2,"props":{},"score":"1.00","title":{"en":"False"}}],"title":{"en":"1.2) True or False: Clients less than 20 years have fewer family planning options than clients over 20 years.\u00a0"},"type":"multichoice"}},{"id":517,"order":3,"question":{"id":517,"props":{"maxscore":1},"responses":[{"id":1501,"order":1,"props":{},"score":"0.00","title":{"en":"Provider"}},{"id":1502,"order":2,"props":{},"score":"0.00","title":{"en":"Client"}},{"id":1503,"order":3,"props":{},"score":"1.00","title":{"en":"The Provider and the Client jointly"}}],"title":{"en":"1.3) Who should select the family planning method, the provider or the client?"},"type":"multichoice"}},{"id":518,"order":4,"question":{"id":518,"props":{"maxscore":1},"responses":[{"id":1504,"order":1,"props":{},"score":"0.00","title":{"en":"Present the myths"}},{"id":1505,"order":2,"props":{},"score":"0.00","title":{"en":"Try to scare the client from using the method \u2013 as they will likely discontinue using it anyways"}},{"id":1506,"order":3,"props":{},"score":"1.00","title":{"en":"Be truthful \u2013 tell them about the potential side effects associated with method use but also explain that not everyone experiences any, or all, of the side effects and most reduce, or go away completely, with time"}}],"title":{"en":"1.4) When providers discuss side effects with clients they should:"},"type":"multichoice"}}],"resource_uri":"\/api\/v1\/quiz\/62\/","title":{"en":"Session 1 Quiz"}}</content></activity></activities></section><section order="3"><title lang="en">Session 2</title><activities><activity type="page" order="1" digest="af67749fe81528778863ca2b7f9b50816457"><title lang="en">Scenario 2</title><media><file filename="_UNSUPPORTIVE2.mp4" download_url="http://downloads.digital-campus.org/media/nurhi/_UNSUPPORTIVE2.mp4" digest="f435cc648e742f6dc740ca3ea06023f1" filesize="27837912" length="224"/></media><image filename="/images/6457.png"/><location lang="en">03_6457_en.html</location></activity><activity type="page" order="2" digest="0cd93635bf0b3635473376edb8ed90e26458"><title lang="en">Scenario 2A</title><media><file filename="_SUPPORTIVE2.mp4" download_url="http://downloads.digital-campus.org/media/nurhi/_SUPPORTIVE2.mp4" digest="702dceb85977150df4ed67e23f4a7a0e" filesize="37161172" length="297"/></media><image filename="/images/6458.png"/><location lang="en">03_6458_en.html</location></activity><activity type="quiz" order="3" digest="8ee094d53fc6a8e2292433c1c44b1bd121115cr0s2a1p80a0"><title lang="en">Session 2 Quiz</title><content lang="en">{"description":{"en":"Session 2"},"id":63,"lastupdated_date":"2014-11-22T10:40:23","owner":"\/api\/v1\/user\/1\/","props":{"allowtryagain":"1","availability":"0","courseversion":"20141122105648","digest":"8ee094d53fc6a8e2292433c1c44b1bd121115cr0s2a1p80a0","maxscore":3,"passthreshold":"80","showfeedback":"2"},"questions":[{"id":519,"order":1,"question":{"id":519,"props":{"maxscore":1},"responses":[{"id":1507,"order":1,"props":{},"score":"0.00","title":{"en":"Not looking at the client when she is talking"}},{"id":1508,"order":2,"props":{},"score":"1.00","title":{"en":"Asking the client follow up questions"}},{"id":1509,"order":3,"props":{},"score":"0.00","title":{"en":"Talking to other providers during the session"}}],"title":{"en":"2.1) During counseling sessions with family planning clients, providers demonstrate they are fully engaged with the client by:"},"type":"multichoice"}},{"id":520,"order":2,"question":{"id":520,"props":{"maxscore":1},"responses":[{"id":1510,"order":1,"props":{},"score":"0.00","title":{"en":"Ask the client about the side effects she is experiencing"}},{"id":1511,"order":2,"props":{},"score":"0.00","title":{"en":"Listen to what the client has to say about the side effects"}},{"id":1512,"order":3,"props":{},"score":"0.00","title":{"en":"Explain to the client whether the side effects they are experiencing are normal or not"}},{"id":1513,"order":4,"props":{},"score":"0.00","title":{"en":"Tell the client that she may experience a lessening in side effects with time"}},{"id":1514,"order":5,"props":{},"score":"1.00","title":{"en":"All of the above"}}],"title":{"en":"2.2) When counseling unsatisfied users with side effects, providers should:"},"type":"multichoice"}},{"id":521,"order":3,"question":{"id":521,"props":{"maxscore":1},"responses":[{"id":1515,"order":1,"props":{},"score":"0.00","title":{"en":"Tell the client she needs to come back for another appointment \u2013 after all, she may experience less side effects with time and, therefore, not need to discontinue the method"}},{"id":1516,"order":2,"props":{},"score":"0.00","title":{"en":"Dissuade the client from discontinuing by telling her that all side effects stop with time"}},{"id":1517,"order":3,"props":{},"score":"1.00","title":{"en":"Ask the client whether she would be interested in switching to a different method"}},{"id":1518,"order":4,"props":{},"score":"0.00","title":{"en":"All of the above"}}],"title":{"en":"2.3) When discussing next steps with return clients who are sure they want to discontinue a method, providers should:"},"type":"multichoice"}}],"resource_uri":"\/api\/v1\/quiz\/63\/","title":{"en":"Session 2 Quiz"}}</content></activity></activities></section><section order="4"><title lang="en">Session 3</title><activities><activity type="page" order="1" digest="0d8d55cc1789c929ff9e4db8a92f92626459"><title lang="en">Scenario 3</title><media><file filename="_UNSUPPORTIVE3.mp4" download_url="http://downloads.digital-campus.org/media/nurhi/_UNSUPPORTIVE3.mp4" digest="171d80399c1c51f2ece9fecb36283ddf" filesize="47259979" length="391"/></media><image filename="/images/6459.png"/><location lang="en">04_6459_en.html</location></activity><activity type="page" order="2" digest="b82228f81f68393a51fbd0539ec9ec2d6460"><title lang="en">Scenario 3A</title><media><file filename="_SUPPORTIVE3.mp4" download_url="http://downloads.digital-campus.org/media/nurhi/_SUPPORTIVE3.mp4" digest="d1d2afc8325c2bf5d9192252787bf75c" filesize="41601026" length="351"/></media><image filename="/images/6460.png"/><location lang="en">04_6460_en.html</location></activity><activity type="quiz" order="3" digest="4a9f48497b6eb265a4c0443bf2dc5abc21116cr0s2a1p80a0"><title lang="en">Session 3 Quiz</title><content lang="en">{"description":{"en":"Session 3"},"id":64,"lastupdated_date":"2014-11-22T10:42:00","owner":"\/api\/v1\/user\/1\/","props":{"allowtryagain":"1","availability":"0","courseversion":"20141122105648","digest":"4a9f48497b6eb265a4c0443bf2dc5abc21116cr0s2a1p80a0","maxscore":5,"passthreshold":"80","showfeedback":"2"},"questions":[{"id":522,"order":1,"question":{"id":522,"props":{"maxscore":1},"responses":[{"id":1519,"order":1,"props":{},"score":"0.00","title":{"en":"Agree"}},{"id":1520,"order":2,"props":{},"score":"1.00","title":{"en":"Disagree"}}],"title":{"en":"3.1) Agree or disagree: Family planning providers should provide moral advice in addition to clinical advice."},"type":"multichoice"}},{"id":523,"order":2,"question":{"id":523,"props":{"maxscore":1},"responses":[{"id":1521,"order":1,"props":{},"score":"0.00","title":{"en":"True"}},{"id":1522,"order":2,"props":{},"score":"1.00","title":{"en":"False"}}],"title":{"en":"3.2) True or false: Family planning services are only for married people, they are, after all, the only ones who should be having sexual relationships."},"type":"multichoice"}},{"id":524,"order":3,"question":{"id":524,"props":{"maxscore":1},"responses":[{"id":1523,"order":1,"props":{},"score":"0.00","title":{"en":"True"}},{"id":1524,"order":2,"props":{},"score":"1.00","title":{"en":"False"}}],"title":{"en":"3.3) Most clients come to family planning clinics with a family planning method in mind?"},"type":"multichoice"}},{"id":525,"order":4,"question":{"id":525,"props":{"maxscore":1},"responses":[{"id":1525,"order":1,"props":{},"score":"1.00","title":{"en":"True"}},{"id":1526,"order":2,"props":{},"score":"0.00","title":{"en":"False"}}],"title":{"en":"3.4) Clients who have a family planning method in mind when coming to the clinic, and obtain that method are more likely to continue using that method than those who have a method imposed on them?"},"type":"multichoice"}},{"id":526,"order":5,"question":{"id":526,"props":{"maxscore":1},"responses":[{"id":1527,"order":1,"props":{},"score":"1.00","title":{"en":"Try to determine what the client knows about the method"}},{"id":1528,"order":2,"props":{},"score":"0.00","title":{"en":"Convince the client to use different methods that are better for her based on her age and marital status"}},{"id":1529,"order":3,"props":{},"score":"1.00","title":{"en":"Determine if the client is medically eligible to use the method"}},{"id":1530,"order":4,"props":{},"score":"1.00","title":{"en":"Ask the client why she has selected this method"}},{"id":1531,"order":5,"props":{},"score":"0.00","title":{"en":"Tell the client about the common fears associated with use of this method"}}],"title":{"en":"3.5) How should a provider talk to clients who arrive for counseling with a family planning method in mind? (SELECT ALL THAT APPLY)"},"type":"multiselect"}}],"resource_uri":"\/api\/v1\/quiz\/64\/","title":{"en":"Session 3 Quiz"}}</content></activity></activities></section><section order="5"><title lang="en">Session 4</title><activities><activity type="page" order="1" digest="e99c4488bd9119a66910ef5d51c90e6b6461"><title lang="en">Scenario 4</title><media><file filename="_UNSUPPORTIVE4.mp4" download_url="http://downloads.digital-campus.org/media/nurhi/_UNSUPPORTIVE4.mp4" digest="e98c1fa1404f5dbaf2471bfb66909819" filesize="66123906" length="423"/></media><image filename="/images/6461.png"/><location lang="en">05_6461_en.html</location></activity><activity type="page" order="2" digest="df6e1b2ae17c7f731283ff17417a11ba6462"><title lang="en">Scenario 4A</title><media><file filename="_SUPPORTIVE4.mp4" download_url="http://downloads.digital-campus.org/media/nurhi/_SUPPORTIVE4.mp4" digest="bff1188cd1989bcd577dc1f533a65253" filesize="98793148" length="453"/></media><image filename="/images/6462.png"/><location lang="en">05_6462_en.html</location></activity><activity type="quiz" order="3" digest="d79cdc52cf300858b5df95887b3a315b21117cr0s2a1p80a0"><title lang="en">Session 4 Quiz</title><content lang="en">{"description":{"en":"Session 4"},"id":65,"lastupdated_date":"2014-11-22T10:43:37","owner":"\/api\/v1\/user\/1\/","props":{"allowtryagain":"1","availability":"0","courseversion":"20141122105648","digest":"d79cdc52cf300858b5df95887b3a315b21117cr0s2a1p80a0","maxscore":3,"passthreshold":"80","showfeedback":"2"},"questions":[{"id":527,"order":1,"question":{"id":527,"props":{"maxscore":1},"responses":[{"id":1532,"order":1,"props":{},"score":"0.00","title":{"en":"Agree"}},{"id":1533,"order":2,"props":{},"score":"1.00","title":{"en":"Disagree"}}],"title":{"en":"4.1) Agree or disagree: It puts clients at ease when providers joke with them about their situation in life."},"type":"multichoice"}},{"id":528,"order":2,"question":{"id":528,"props":{"maxscore":1},"responses":[{"id":1534,"order":1,"props":{},"score":"0.00","title":{"en":"Less than 25"}},{"id":1535,"order":2,"props":{},"score":"0.00","title":{"en":"Less than 35"}},{"id":1536,"order":3,"props":{},"score":"0.00","title":{"en":"Less than 40"}},{"id":1537,"order":4,"props":{},"score":"1.00","title":{"en":"A woman can get a tubal ligation at any age"}}],"title":{"en":"4.2) At what age is a woman too young to get a tubal ligation?"},"type":"multichoice"}},{"id":529,"order":3,"question":{"id":529,"props":{"maxscore":1},"responses":[{"id":1538,"order":1,"props":{},"score":"0.00","title":{"en":"True"}},{"id":1539,"order":2,"props":{},"score":"1.00","title":{"en":"False"}}],"title":{"en":"4.3) True or false: If a client insists on using tubal ligation, it is best to try and dissuade her from going forth at all costs \u2013 as she will definitely regret her decision later in life"},"type":"multichoice"}}],"resource_uri":"\/api\/v1\/quiz\/65\/","title":{"en":"Session 4 Quiz"}}</content></activity></activities></section><section order="6"><title lang="en">Community Perspectives</title><activities><activity type="page" order="1" digest="4cd176cf5226e216e7de3acd39a5805f21112"><title lang="en">Community Perspectives on Family Planning Counseling</title><media><file filename="_4CityNurhi.mp4" download_url="http://downloads.digital-campus.org/media/nurhi/_4CityNurhi.mp4" digest="f460ab56705b0f09b5c69dbdd1507712" filesize="34690603" length="237"/></media><image filename="/images/21112.png"/><location lang="en">06_21112_en.html</location></activity></activities></section></structure><media><file filename="_Module1_Section1_Option1_Animation.mp4" download_url="http://downloads.digital-campus.org/media/nurhi/_Module1_Section1_Option1_Animation.mp4" digest="b2fa243d87b0ee5ef57e338aa921d58b" filesize="8897260" length="137"/><file filename="_Module1_Section1_Option2_Slides.mp4" download_url="http://downloads.digital-campus.org/media/nurhi/_Module1_Section1_Option2_Slides.mp4" digest="084ac8077a6ee195cf2c3bb020b6c3a9" filesize="8555667" length="137"/><file filename="_UNSUPPORTIVE1.mp4" download_url="http://downloads.digital-campus.org/media/nurhi/_UNSUPPORTIVE1.mp4" digest="481767a03b91c958dd4ccd36480ca131" filesize="43394323" length="343"/><file filename="_SUPPORTIVE1.mp4" download_url="http://downloads.digital-campus.org/media/nurhi/_SUPPORTIVE1.mp4" digest="426682cdf020b90da1caa8a071fad5ab" filesize="41604504" length="321"/><file filename="_UNSUPPORTIVE2.mp4" download_url="http://downloads.digital-campus.org/media/nurhi/_UNSUPPORTIVE2.mp4" digest="f435cc648e742f6dc740ca3ea06023f1" filesize="27837912" length="224"/><file filename="_SUPPORTIVE2.mp4" download_url="http://downloads.digital-campus.org/media/nurhi/_SUPPORTIVE2.mp4" digest="702dceb85977150df4ed67e23f4a7a0e" filesize="37161172" length="297"/><file filename="_UNSUPPORTIVE3.mp4" download_url="http://downloads.digital-campus.org/media/nurhi/_UNSUPPORTIVE3.mp4" digest="171d80399c1c51f2ece9fecb36283ddf" filesize="47259979" length="391"/><file filename="_SUPPORTIVE3.mp4" download_url="http://downloads.digital-campus.org/media/nurhi/_SUPPORTIVE3.mp4" digest="d1d2afc8325c2bf5d9192252787bf75c" filesize="41601026" length="351"/><file filename="_UNSUPPORTIVE4.mp4" download_url="http://downloads.digital-campus.org/media/nurhi/_UNSUPPORTIVE4.mp4" digest="e98c1fa1404f5dbaf2471bfb66909819" filesize="66123906" length="423"/><file filename="_SUPPORTIVE4.mp4" download_url="http://downloads.digital-campus.org/media/nurhi/_SUPPORTIVE4.mp4" digest="bff1188cd1989bcd577dc1f533a65253" filesize="98793148" length="453"/><file filename="_4CityNurhi.mp4" download_url="http://downloads.digital-campus.org/media/nurhi/_4CityNurhi.mp4" digest="f460ab56705b0f09b5c69dbdd1507712" filesize="34690603" length="237"/></media></module>
