<?xml version="1.0"?>
<module><meta><versionid>20141124094816</versionid><priority>8</priority><server>http://nurhi.oppia-mobile.org</server><title lang="en">Family Planning for CLMS</title><shortname>nurhi-clms</shortname><description lang="en"></description><page id="6712"><title lang="en">About/License</title><location lang="en">00_6712_en.html</location></page><langs><lang>en</lang></langs></meta><structure><section order="1"><title lang="en">Family Planning for CLMS</title><activities><activity type="page" order="1" digest="eca71b1a01dc42b70658113b71e7dac321119"><title lang="en">Introduction to CLMS</title><media><file filename="intro-to-clms-11.m4v" download_url="http://downloads.digital-campus.org/media/nurhi/intro-to-clms-11.m4v" digest="5a90b93442ad72ad6846bbc05c6d7150" filesize="38323020" length="651"/></media><image filename="/images/21119.png"/><location lang="en">01_21119_en.html</location></activity><activity type="page" order="2" digest="01c51783b4827145758c07761b19a07a21120"><title lang="en">CLMS- Part 1</title><media><file filename="bad-clms-1.mp4" download_url="http://downloads.digital-campus.org/media/nurhi/bad-clms-1.mp4" digest="3dbdd2623d2d6862ba63e046a2f1a3bb" filesize="41566026" length="601"/></media><image filename="/images/21120.png"/><location lang="en">01_21120_en.html</location></activity><activity type="page" order="3" digest="a44720fed6bd67d62c78de62add504fa21121"><title lang="en">CLMS- Part 2</title><media><file filename="good-clms-8.m4v" download_url="http://downloads.digital-campus.org/media/nurhi/good-clms-8.m4v" digest="1ed7321afd3e5cacf7afcc8b733534ba" filesize="38428518" length="566"/></media><image filename="/images/21121.png"/><location lang="en">01_21121_en.html</location></activity><activity type="quiz" order="4" digest="c24a719026bc2f9656e543fc8efb6cf76719cr0s2a1p80a0"><title lang="en">CLMS Video Quiz</title><content lang="en">{"description":{"en":"CLMS Section"},"id":66,"lastupdated_date":"2014-11-22T04:47:54","owner":"\/api\/v1\/user\/1\/","props":{"allowtryagain":"1","availability":"0","courseversion":"20141123161940","digest":"c24a719026bc2f9656e543fc8efb6cf76719cr0s2a1p80a0","maxscore":6,"passthreshold":"80","showfeedback":"2"},"questions":[{"id":530,"order":1,"question":{"id":530,"props":{"maxscore":1},"responses":[{"id":1540,"order":1,"props":{},"score":"1.00","title":{"en":"Resuming early to work"}},{"id":1541,"order":2,"props":{},"score":"0.00","title":{"en":"Using a red biro to fill the CLMS forms"}},{"id":1542,"order":3,"props":{},"score":"1.00","title":{"en":"Align date of the DCR with date on the calendar"}},{"id":1543,"order":4,"props":{},"score":"1.00","title":{"en":"Ensure all commodities are available and arrange one of each on the table"}},{"id":1544,"order":5,"props":{},"score":"0.00","title":{"en":"All of the above"}}],"title":{"en":"The following are key steps to effective CLMS (select more than one answer):"},"type":"multiselect"}},{"id":531,"order":2,"question":{"id":531,"props":{"maxscore":1},"responses":[{"id":1545,"order":1,"props":{"feedback":{"en":"That is not the correct answer."}},"score":"0.00","title":{"en":"True"}},{"id":1546,"order":2,"props":{"feedback":{"en":"Yes, you are correct!"}},"score":"1.00","title":{"en":"False"}}],"title":{"en":"When filling the FP Register, fill the clients'\r\ninformation on small pieces of paper and transfer to the register later"},"type":"multichoice"}},{"id":532,"order":3,"question":{"id":532,"props":{"maxscore":1},"responses":[{"id":1547,"order":1,"props":{"feedback":{"en":"Yes, you are correct!"}},"score":"1.00","title":{"en":"True"}},{"id":1548,"order":2,"props":{"feedback":{"en":"That is not the correct answer."}},"score":"0.00","title":{"en":"False"}}],"title":{"en":"At the end of each day, double check the closing\r\nbalance on the DCR with physical stock to ensure they match up"},"type":"multichoice"}},{"id":533,"order":4,"question":{"id":533,"props":{"maxscore":1},"responses":[{"id":1549,"order":1,"props":{"feedback":{"en":"That is not the correct answer."}},"score":"0.00","title":{"en":"End of 3 months"}},{"id":1550,"order":2,"props":{"feedback":{"en":"That is not the correct answer."}},"score":"0.00","title":{"en":"End of 4 months"}},{"id":1551,"order":3,"props":{"feedback":{"en":"That is not the correct answer."}},"score":"0.00","title":{"en":"End of 1 month"}},{"id":1552,"order":4,"props":{"feedback":{"en":"Yes, you are correct!"}},"score":"1.00","title":{"en":"None of the above"}}],"title":{"en":"When is the RIRF filled?"},"type":"multichoice"}},{"id":534,"order":5,"question":{"id":534,"props":{"maxscore":1},"responses":[{"id":1553,"order":1,"props":{"feedback":{"en":"That is not the correct answer."}},"score":"0.00","title":{"en":"Counting commodities regularly"}},{"id":1554,"order":2,"props":{"feedback":{"en":"That is not the correct answer."}},"score":"0.00","title":{"en":"Keeping up records daily"}},{"id":1555,"order":3,"props":{"feedback":{"en":"That is not the correct answer."}},"score":"0.00","title":{"en":"Ensure the DCR is properly filled"}},{"id":1556,"order":4,"props":{"feedback":{"en":"Yes, you are correct!"}},"score":"1.00","title":{"en":"All the above"}}],"title":{"en":"What are the steps in ensuring the RIRF is properly filled?"},"type":"multichoice"}},{"id":535,"order":6,"question":{"id":535,"props":{"maxscore":1},"responses":[{"id":1557,"order":1,"props":{},"score":"1.00","title":{"en":"Commendation from supervisors"}},{"id":1558,"order":2,"props":{},"score":"1.00","title":{"en":"No stock out"}},{"id":1559,"order":3,"props":{},"score":"1.00","title":{"en":"Client would leave satisfied"}}],"title":{"en":"What\r\n     are the advantages of properly filled and timely submitted forms (select\r\n     all correct answers)?"},"type":"multiselect"}}],"resource_uri":"\/api\/v1\/quiz\/66\/","title":{"en":"CLMS Video Quiz"}}</content></activity></activities></section></structure><media><file filename="intro-to-clms-11.m4v" download_url="http://downloads.digital-campus.org/media/nurhi/intro-to-clms-11.m4v" digest="5a90b93442ad72ad6846bbc05c6d7150" filesize="38323020" length="651"/><file filename="bad-clms-1.mp4" download_url="http://downloads.digital-campus.org/media/nurhi/bad-clms-1.mp4" digest="3dbdd2623d2d6862ba63e046a2f1a3bb" filesize="41566026" length="601"/><file filename="good-clms-8.m4v" download_url="http://downloads.digital-campus.org/media/nurhi/good-clms-8.m4v" digest="1ed7321afd3e5cacf7afcc8b733534ba" filesize="38428518" length="566"/></media></module>
