<?xml version="1.0"?>
<module><meta><versionid>20141125074626</versionid><priority>0</priority><server>http://nurhi.oppia-mobile.org</server><title lang="en">Family Planning For Clinical Service Provision</title><shortname>nurhi-csp</shortname><description lang="en"></description><page id="21127"><title lang="en">About/License</title><location lang="en">00_21127_en.html</location></page><langs><lang>en</lang></langs></meta><structure><section order="2"><title lang="en">Introduction to Clinical Service Provision</title><activities><activity type="page" order="1" digest="3d9a6457dd8bff42a26dc71f2bef0fe721133"><title lang="en">Introduction to Clinical Service Provision</title><media><file filename="intro-to-clinical-service-provision-10.m4v" download_url="http://downloads.digital-campus.org/media/nurhi/intro-to-clinical-service-provision-10.m4v" digest="a7f9c6097b976cb08d293244a532b854" filesize="31900446" length="544"/></media><image filename="/images/21133.png"/><location lang="en">02_21133_en.html</location></activity></activities></section><section order="3"><title lang="en">Management for Side Effects</title><activities><activity type="page" order="1" digest="e6321430bb846bc1b599f3cad213d04221134"><title lang="en">Management for Side Effects- Part 1</title><media><file filename="mgmt-of-side-effects-unhelpful.m4v" download_url="http://downloads.digital-campus.org/media/nurhi/mgmt-of-side-effects-unhelpful.m4v" digest="e861fa032340540cd4a44bfd455d917b" filesize="31547309" length="335"/></media><image filename="/images/21134.png"/><location lang="en">03_21134_en.html</location></activity><activity type="page" order="2" digest="738f7e5e2cd53055ee487570a2cd8c8a21135"><title lang="en">Management for Side Effects- Part 2</title><media><file filename="mgmt-of-side-effects-helpful.m4v" download_url="http://downloads.digital-campus.org/media/nurhi/mgmt-of-side-effects-helpful.m4v" digest="40ae1f957d328a6bdcc0333773a1077e" filesize="36014539" length="382"/></media><image filename="/images/21135.png"/><location lang="en">03_21135_en.html</location></activity><activity type="quiz" order="3" digest="22dfc1529eeb2cbbf9c2d45b5713b39521136cr0s2a1p80a0"><title lang="en">Management for Side Effects Video Quiz</title><content lang="en">{"description":{"en":"Management for Side Effects"},"id":69,"lastupdated_date":"2014-11-23T09:16:15","owner":"\/api\/v1\/user\/1\/","props":{"allowtryagain":"1","availability":"0","courseversion":"20141124095515","digest":"22dfc1529eeb2cbbf9c2d45b5713b39521136cr0s2a1p80a0","maxscore":5,"passthreshold":"80","showfeedback":"2"},"questions":[{"id":546,"order":1,"question":{"id":546,"props":{"maxscore":1},"responses":[{"id":1587,"order":1,"props":{},"score":"0.50","title":{"en":"Offer a client other methods and counsel appropriately"}},{"id":1588,"order":2,"props":{"feedback":{"en":"That is not the correct answer."}},"score":"0.00","title":{"en":"Quickly remove the method; after all, the client is presenting with side effects"}},{"id":1589,"order":3,"props":{"feedback":{"en":"That is not the correct answer."}},"score":"0.00","title":{"en":"Tell the client that if she had listened properly during the counseling she would know that the side effects are normal and would go away"}},{"id":1590,"order":4,"props":{},"score":"0.50","title":{"en":"Always empathize and show respect, it is not the clients fault"}}],"title":{"en":"When managing a client for side effects, a\nprovider should:"},"type":"multiselect"}},{"id":547,"order":2,"question":{"id":547,"props":{"maxscore":1},"responses":[{"id":1591,"order":1,"props":{"feedback":{"en":"That is not the correct answer."}},"score":"0.00","title":{"en":"Ask the client about the side effects she is experiencing"}},{"id":1592,"order":2,"props":{"feedback":{"en":"That is not the correct answer."}},"score":"0.00","title":{"en":"Listen to what the client has to say about the side effects"}},{"id":1593,"order":3,"props":{"feedback":{"en":"That is not the correct answer."}},"score":"0.00","title":{"en":"Explain to the client whether the side effects\nthey are experiencing are normal or not"}},{"id":1594,"order":4,"props":{"feedback":{"en":"That is not the correct answer."}},"score":"0.00","title":{"en":"Tell the client that she may experience a\nlessening in side effects with time"}},{"id":1595,"order":5,"props":{"feedback":{"en":"Yes, you are correct!"}},"score":"1.00","title":{"en":"All of the above"}}],"title":{"en":"When counseling clients presenting with side effects, providers should"},"type":"multichoice"}},{"id":548,"order":3,"question":{"id":548,"props":{"maxscore":1},"responses":[{"id":1596,"order":1,"props":{"feedback":{"en":"That is not the correct answer."}},"score":"0.00","title":{"en":"True"}},{"id":1597,"order":2,"props":{"feedback":{"en":"Yes, you are correct!"}},"score":"1.00","title":{"en":"False"}}],"title":{"en":"All side effects associated with\ncontraceptive methods are dangerous and must be dealt with immediately&amp;nbsp;"},"type":"multichoice"}},{"id":549,"order":4,"question":{"id":549,"props":{"maxscore":1},"responses":[{"id":1598,"order":1,"props":{"feedback":{"en":"That is not the correct answer."}},"score":"0.00","title":{"en":"Tell the client she needs to come back for another appointment-after all she may experience less side effects with time and therefore not need to discontinue the method"}},{"id":1599,"order":2,"props":{"feedback":{"en":"That is not the correct answer."}},"score":"0.00","title":{"en":"Dissuade the client from discontinuing by telling her that all side effects stop with time"}},{"id":1600,"order":3,"props":{},"score":"0.50","title":{"en":"Ask the client whether she would be interested in switching to a different method"}},{"id":1601,"order":4,"props":{},"score":"0.50","title":{"en":"Assure the client that she can come back at any time if she has questions"}}],"title":{"en":"When discussing next steps with return clients who are sure they want to discontinue a method, providers should"},"type":"multiselect"}},{"id":550,"order":5,"question":{"id":550,"props":{"maxscore":1},"responses":[{"id":1602,"order":1,"props":{"feedback":{"en":"That is not the correct answer."}},"score":"0.00","title":{"en":"True"}},{"id":1603,"order":2,"props":{"feedback":{"en":"Yes, you are correct!"}},"score":"1.00","title":{"en":"False"}}],"title":{"en":"All clients who present with side effects\nmust switch to another method"},"type":"multichoice"}}],"resource_uri":"\/api\/v1\/quiz\/69\/","title":{"en":"Management for Side Effects Video Quiz"}}</content></activity></activities></section><section order="4"><title lang="en">Counseling for Side Effects</title><activities><activity type="page" order="1" digest="c837dbc1fd3c06e19a709fd7c02e5a9a21137"><title lang="en">Counseling for Side Effects- Part 1</title><media><file filename="counselling-side-effects-unhelpful-5.m4v" download_url="http://downloads.digital-campus.org/media/nurhi/counselling-side-effects-unhelpful-5.m4v" digest="aa43af851acf5a6d23e6923b3e5d6645" filesize="22676980" length="291"/></media><image filename="/images/21137.png"/><location lang="en">04_21137_en.html</location></activity><activity type="page" order="2" digest="8f6be3a26c66616472c5df6bc87bfb2e21138"><title lang="en">Counseling for Side Effects- Part 2</title><media><file filename="counselling-side-effects-helpful-4.m4v" download_url="http://downloads.digital-campus.org/media/nurhi/counselling-side-effects-helpful-4.m4v" digest="f44d00a169b66b110020c645946d8c41" filesize="41693394" length="504"/></media><image filename="/images/21138.png"/><location lang="en">04_21138_en.html</location></activity><activity type="quiz" order="3" digest="dd2386b9d6469cd126ac29311eb61fed21139cr0s2a1p80a0"><title lang="en">Counseling for Side Effects Quiz</title><content lang="en">{"description":{"en":"Counseling for Side Effects"},"id":70,"lastupdated_date":"2014-11-23T09:16:28","owner":"\/api\/v1\/user\/1\/","props":{"allowtryagain":"1","availability":"0","courseversion":"20141124095515","digest":"dd2386b9d6469cd126ac29311eb61fed21139cr0s2a1p80a0","maxscore":5,"passthreshold":"80","showfeedback":"2"},"questions":[{"id":551,"order":1,"question":{"id":551,"props":{"maxscore":1},"responses":[{"id":1604,"order":1,"props":{},"score":"0.50","title":{"en":"Showing empathy"}},{"id":1605,"order":2,"props":{},"score":"0.50","title":{"en":"Encouraging the client to make herself comfortable by showing the client respect"}},{"id":1606,"order":3,"props":{"feedback":{"en":"That is not the correct answer."}},"score":"0.00","title":{"en":"Attending to more than one client at the same time"}},{"id":1607,"order":4,"props":{"feedback":{"en":"That is not the correct answer."}},"score":"0.00","title":{"en":"Talking so everyone around can hear you"}}],"title":{"en":"Ensuring that your\nclient is comfortable and at ease is important when counseling for side effects. Steps should include:&amp;nbsp;"},"type":"multiselect"}},{"id":552,"order":2,"question":{"id":552,"props":{"maxscore":1},"responses":[{"id":1608,"order":1,"props":{"feedback":{"en":"That is not the correct answer."}},"score":"0.00","title":{"en":"Present the myth"}},{"id":1609,"order":2,"props":{"feedback":{"en":"That is not the correct answer."}},"score":"0.00","title":{"en":"Try to scare the client from using the method - as they likely discontinue using it anyways"}},{"id":1610,"order":3,"props":{},"score":"0.50","title":{"en":"Be truthful-tell them about the potential side effects associated with method use but also explain that not everyone experiences\n     any or all of the side effects and most reduce or go away completely with time"}},{"id":1611,"order":4,"props":{},"score":"0.50","title":{"en":"Ensure that the clients understands them clearly by using simple clear language to communicate"}}],"title":{"en":"When providers\ndiscuss side effects with clients they should:&amp;nbsp;"},"type":"multiselect"}},{"id":553,"order":3,"question":{"id":553,"props":{"maxscore":1},"responses":[{"id":1612,"order":1,"props":{"feedback":{"en":"That is not the correct answer."}},"score":"0.00","title":{"en":"Not looking at the client when she is talking"}},{"id":1613,"order":2,"props":{"feedback":{"en":"Yes, you are correct!"}},"score":"1.00","title":{"en":"Asking the client follow up questions"}},{"id":1614,"order":3,"props":{"feedback":{"en":"That is not the correct answer."}},"score":"0.00","title":{"en":"Talking to other providers during the session"}},{"id":1615,"order":4,"props":{"feedback":{"en":"That is not the correct answer."}},"score":"0.00","title":{"en":"Making and receiving phone calls"}}],"title":{"en":"During counseling sessions with family planning clients, providers demonstrate they are fully engaged with the client by:"},"type":"multichoice"}},{"id":554,"order":4,"question":{"id":554,"props":{"maxscore":1},"responses":[{"id":1616,"order":1,"props":{},"score":"1.00","title":{"en":"Ask the client about the side effects she is\nexperiencing"}},{"id":1617,"order":2,"props":{},"score":"1.00","title":{"en":"Listen to what the client has to say about the\nside effects"}},{"id":1618,"order":3,"props":{},"score":"1.00","title":{"en":"Explain to the client whether the side effects\nthey are experiencing are normal or not"}},{"id":1619,"order":4,"props":{},"score":"1.00","title":{"en":"Tell the client that she may experience a lessening in side effects with time"}}],"title":{"en":"When counseling unsatisfied users presenting with side effects,\nproviders should&amp;nbsp;"},"type":"multiselect"}},{"id":555,"order":5,"question":{"id":555,"props":{"maxscore":1},"responses":[{"id":1620,"order":1,"props":{"feedback":{"en":"Yes, you are correct!"}},"score":"1.00","title":{"en":"True"}},{"id":1621,"order":2,"props":{"feedback":{"en":"That is not the correct answer."}},"score":"0.00","title":{"en":"False"}}],"title":{"en":"Giving a client an information leaflet for her method of choice to take home after accepting a method will help reinforce the information provided by the family planning provider"},"type":"multichoice"}}],"resource_uri":"\/api\/v1\/quiz\/70\/","title":{"en":"Counseling for Side Effects Quiz"}}</content></activity></activities></section></structure><media><file filename="intro-to-clinical-service-provision-10.m4v" download_url="http://downloads.digital-campus.org/media/nurhi/intro-to-clinical-service-provision-10.m4v" digest="a7f9c6097b976cb08d293244a532b854" filesize="31900446" length="544"/><file filename="mgmt-of-side-effects-unhelpful.m4v" download_url="http://downloads.digital-campus.org/media/nurhi/mgmt-of-side-effects-unhelpful.m4v" digest="e861fa032340540cd4a44bfd455d917b" filesize="31547309" length="335"/><file filename="mgmt-of-side-effects-helpful.m4v" download_url="http://downloads.digital-campus.org/media/nurhi/mgmt-of-side-effects-helpful.m4v" digest="40ae1f957d328a6bdcc0333773a1077e" filesize="36014539" length="382"/><file filename="counselling-side-effects-unhelpful-5.m4v" download_url="http://downloads.digital-campus.org/media/nurhi/counselling-side-effects-unhelpful-5.m4v" digest="aa43af851acf5a6d23e6923b3e5d6645" filesize="22676980" length="291"/><file filename="counselling-side-effects-helpful-4.m4v" download_url="http://downloads.digital-campus.org/media/nurhi/counselling-side-effects-helpful-4.m4v" digest="f44d00a169b66b110020c645946d8c41" filesize="41693394" length="504"/></media></module>
