<?xml version="1.0"?>
<module><meta><versionid>20141124142902</versionid><priority>9</priority><server>http://nurhi.oppia-mobile.org</server><title lang="en">Family Planning Method Videos</title><shortname>nurhi-fpvids</shortname><description lang="en"></description><page id="6704"><title lang="en">About/License</title><location lang="en">00_6704_en.html</location></page><langs><lang>en</lang></langs></meta><structure><section order="1"><title lang="en">IUD Video</title><activities><activity type="page" order="1" digest="46c0241e984b358ed6f2b3d5dca107056706"><title lang="en">IUD (Copper T) Video</title><media><file filename="iud-coppert-animation-admaa-youtube-240p.mp4" download_url="http://downloads.digital-campus.org/media/nurhi/iud-coppert-animation-admaa-youtube-240p.mp4" digest="9c348033ea9cbb40df763acce26a6f53" filesize="1806432" length="160"/></media><image filename="/images/6706.png"/><location lang="en">01_6706_en.html</location></activity></activities></section><section order="2"><title lang="en">Animated Implant Videos</title><activities><activity type="page" order="1" digest="9bc52f9201c1d8cb0638d0e615f3a60621019"><title lang="en">Implant Insertion</title><media><file filename="implant-animation-insertion.mp4" download_url="http://downloads.digital-campus.org/media/nurhi/implant-animation-insertion.mp4" digest="5d67424120def2c6512fb685a71807ef" filesize="1563878" length="50"/></media><image filename="/images/21019.png"/><location lang="en">02_21019_en.html</location></activity><activity type="page" order="2" digest="e7b556a544d13b2b888a4e54368ac08d21020"><title lang="en">Implant Removal</title><media><file filename="implant-animation-removal.mp4" download_url="http://downloads.digital-campus.org/media/nurhi/implant-animation-removal.mp4" digest="a594f2994d9a2e748440da2a756458ff" filesize="860962" length="29"/></media><image filename="/images/21020.png"/><location lang="en">02_21020_en.html</location></activity><activity type="page" order="3" digest="c1dd79286f879550ca307d09da3f427521021"><title lang="en">Implant Error #1</title><media><file filename="implant-error-1-animation-revised.mp4" download_url="http://downloads.digital-campus.org/media/nurhi/implant-error-1-animation-revised.mp4" digest="3262e12c5e1677e8868da2ca2e0f21ae" filesize="376610" length="51"/></media><image filename="/images/21021.png"/><location lang="en">02_21021_en.html</location></activity><activity type="page" order="4" digest="8b60c52f5ca5d03f5ac95d9f6eb8b6c021022"><title lang="en">Implant Error #2</title><media><file filename="implant-error-2-animation-revised.mp4" download_url="http://downloads.digital-campus.org/media/nurhi/implant-error-2-animation-revised.mp4" digest="98ed9ae30175f6f34698a7b77c43488f" filesize="207999" length="43"/></media><image filename="/images/21022.png"/><location lang="en">02_21022_en.html</location></activity><activity type="page" order="5" digest="e186b11262220a05233c2c070cdd824521023"><title lang="en">Implant Error #3</title><media><file filename="implant-error-3-animation.mp4" download_url="http://downloads.digital-campus.org/media/nurhi/implant-error-3-animation.mp4" digest="059a37d5c17ef6ea88218a710605f871" filesize="232056" length="49"/></media><image filename="/images/21023.png"/><location lang="en">02_21023_en.html</location></activity></activities></section><section order="3"><title lang="en">Injectable Video</title><activities><activity type="page" order="1" digest="b3113ff10679a7bccd0243493a5b314f21102"><title lang="en">Injectable Video</title><media><file filename="depo-finalh264-01-07-2013.m4v" download_url="http://downloads.digital-campus.org/media/nurhi/depo-finalh264-01-07-2013.m4v" digest="72c909ef798db3463619e7928d13a8f3" filesize="20902286" length="197"/></media><image filename="/images/21102.png"/><location lang="en">03_21102_en.html</location></activity></activities></section></structure><media><file filename="iud-coppert-animation-admaa-youtube-240p.mp4" download_url="http://downloads.digital-campus.org/media/nurhi/iud-coppert-animation-admaa-youtube-240p.mp4" digest="9c348033ea9cbb40df763acce26a6f53" filesize="1806432" length="160"/><file filename="implant-animation-insertion.mp4" download_url="http://downloads.digital-campus.org/media/nurhi/implant-animation-insertion.mp4" digest="5d67424120def2c6512fb685a71807ef" filesize="1563878" length="50"/><file filename="implant-animation-removal.mp4" download_url="http://downloads.digital-campus.org/media/nurhi/implant-animation-removal.mp4" digest="a594f2994d9a2e748440da2a756458ff" filesize="860962" length="29"/><file filename="implant-error-1-animation-revised.mp4" download_url="http://downloads.digital-campus.org/media/nurhi/implant-error-1-animation-revised.mp4" digest="3262e12c5e1677e8868da2ca2e0f21ae" filesize="376610" length="51"/><file filename="implant-error-2-animation-revised.mp4" download_url="http://downloads.digital-campus.org/media/nurhi/implant-error-2-animation-revised.mp4" digest="98ed9ae30175f6f34698a7b77c43488f" filesize="207999" length="43"/><file filename="implant-error-3-animation.mp4" download_url="http://downloads.digital-campus.org/media/nurhi/implant-error-3-animation.mp4" digest="059a37d5c17ef6ea88218a710605f871" filesize="232056" length="49"/><file filename="depo-finalh264-01-07-2013.m4v" download_url="http://downloads.digital-campus.org/media/nurhi/depo-finalh264-01-07-2013.m4v" digest="72c909ef798db3463619e7928d13a8f3" filesize="20902286" length="197"/></media></module>
